step,reward,waiting_time,queue_length,emergency_count
0,0.0,0.0,0.0,0
1,0.0,0.0,0.0,0
2,-0.01,0.0,0.075,0
3,-0.060000000000000005,0.025,0.025,0
4,0.0,0.175,0.1,0
5,0.060000000000000005,0.025,0.025,0
6,-0.019999999999999997,0.0,0.075,0
7,-0.18,0.05,0.025,0
8,-0.16,0.5,0.175,0
9,0.020000000000000018,0.5,0.125,0
10,-0.050000000000000044,0.125,0.075,0
11,-0.17999999999999994,0.1,0.05,0
12,-0.10999999999999999,0.55,0.175,0
13,0.08999999999999997,0.575,0.125,0
14,-0.13,0.275,0.125,0
15,-0.15000000000000002,0.1,0.05,0
16,-0.05999999999999994,0.425,0.1,0
17,0.18999999999999995,0.55,0.2,0
18,-0.14,0.225,0.075,0
19,-0.16000000000000003,0.125,0.075,0
20,-0.030000000000000027,0.475,0.1,0
21,0.17000000000000004,0.525,0.175,0
22,-0.17000000000000004,0.2,0.075,0
23,-0.17999999999999994,0.2,0.125,0
24,0.0,0.5,0.1,0
25,0.27,0.475,0.125,0
26,-0.15999999999999992,0.35,0.1,0
27,-0.17000000000000015,0.175,0.1,0
28,0.030000000000000027,0.45,0.1,0
29,0.29000000000000004,0.475,0.125,0
30,-0.16999999999999993,0.225,0.1,0
31,-0.17000000000000015,0.175,0.075,0
32,0.030000000000000027,0.475,0.175,0
33,0.33000000000000007,0.5,0.125,0
34,-0.1499999999999999,0.175,0.125,0
35,-0.14000000000000012,0.1,0.075,0
36,0.06000000000000005,0.325,0.1,0
37,0.29999999999999993,0.35,0.125,0
38,-0.09999999999999998,0.15,0.1,0
39,-0.1499999999999999,0.1,0.075,0
40,0.04999999999999982,0.45,0.1,0
41,0.3400000000000001,0.425,0.15,0
42,-0.05999999999999994,0.1,0.05,0
43,-0.18000000000000005,0.1,0.1,0
44,0.020000000000000018,0.5,0.1,0
45,0.25,0.475,0.15,0
46,-0.19000000000000006,0.325,0.125,0
47,-0.19999999999999984,0.3,0.1,0
48,-0.030000000000000027,0.625,0.15,0
49,0.21999999999999997,0.675,0.175,0
50,-0.15000000000000013,0.35,0.1,0
51,-0.15999999999999992,0.15,0.075,0
52,0.010000000000000009,0.475,0.125,0
53,0.20999999999999996,0.45,0.15,0
54,-0.16999999999999993,0.425,0.125,0
55,-0.17999999999999994,0.15,0.1,0
56,0.04999999999999982,0.4,0.1,0
57,0.3500000000000001,0.375,0.1,0
58,-0.1200000000000001,0.075,0.05,0
59,-0.19999999999999996,0.15,0.1,0
60,0.040000000000000036,0.525,0.15,0
61,0.26,0.525,0.15,0
62,-0.15999999999999992,0.375,0.15,0
63,-0.20000000000000018,0.2,0.1,0
64,-0.010000000000000009,0.525,0.15,0
65,0.25,0.625,0.15,0
66,-0.15999999999999992,0.375,0.1,0
67,-0.15999999999999992,0.25,0.075,0
68,0.030000000000000027,0.45,0.125,0
69,0.30999999999999983,0.525,0.15,0
70,-0.17999999999999994,0.375,0.15,0
71,-0.16999999999999993,0.2,0.1,0
72,0.040000000000000036,0.475,0.125,0
73,0.3799999999999999,0.45,0.125,0
74,-0.1299999999999999,0.275,0.15,0
75,-0.13000000000000012,0.1,0.075,0
76,0.10000000000000009,0.325,0.125,0
77,0.32999999999999996,0.325,0.1,0
78,-0.12,0.15,0.1,0
79,-0.16999999999999993,0.15,0.1,0
80,0.029999999999999805,0.475,0.125,0
81,0.29000000000000015,0.475,0.15,0
82,-0.12,0.2,0.1,0
83,-0.14000000000000012,0.15,0.075,0
84,0.020000000000000018,0.325,0.125,0
85,0.26,0.4,0.1,0
86,-0.1299999999999999,0.2,0.075,0
87,-0.16000000000000014,0.15,0.075,0
88,-0.020000000000000018,0.425,0.125,0
89,0.29000000000000015,0.425,0.1,0
90,-0.17000000000000004,0.25,0.075,0
91,-0.19999999999999996,0.175,0.075,0
92,0.020000000000000018,0.525,0.125,0
93,0.29999999999999993,0.45,0.15,0
94,-0.09999999999999998,0.125,0.075,0
95,-0.15999999999999992,0.1,0.05,0
96,0.039999999999999813,0.45,0.125,0
97,0.30000000000000004,0.45,0.1,0
98,-0.13,0.15,0.075,0
99,-0.17000000000000004,0.15,0.075,0
100,0.030000000000000027,0.45,0.15,0
101,0.27,0.475,0.125,0
102,-0.08999999999999997,0.2,0.075,0
103,-0.12,0.05,0.05,0
104,0.020000000000000018,0.325,0.15,0
105,0.26,0.375,0.125,0
106,-0.18000000000000005,0.125,0.075,0
107,-0.18000000000000005,0.2,0.075,0
108,-0.030000000000000027,0.425,0.15,0
109,0.2300000000000001,0.5,0.125,0
110,-0.15000000000000002,0.225,0.1,0
111,-0.16999999999999993,0.175,0.075,0
112,0.040000000000000036,0.45,0.1,0
113,0.22999999999999998,0.425,0.125,0
114,-0.18999999999999995,0.35,0.1,0
115,-0.18000000000000016,0.225,0.1,0
116,0.030000000000000027,0.475,0.1,0
117,0.27,0.425,0.175,0
118,-0.09000000000000008,0.225,0.075,0
119,-0.1299999999999999,0.05,0.05,0
120,0.050000000000000044,0.375,0.125,0
121,0.35,0.425,0.1,0
122,-0.12,0.1,0.075,0
123,-0.18999999999999995,0.125,0.075,0
124,0.0,0.525,0.2,0
125,0.2699999999999999,0.55,0.15,0
126,-0.16000000000000003,0.275,0.125,0
127,-0.20999999999999996,0.375,0.125,0
128,0.040000000000000036,0.475,0.125,0
129,0.22999999999999998,0.525,0.15,0
130,-0.18999999999999995,0.425,0.125,0
131,-0.16000000000000014,0.225,0.075,0
132,0.040000000000000036,0.375,0.125,0
133,0.30000000000000004,0.425,0.125,0
134,-0.1100000000000001,0.1,0.05,0
135,-0.1499999999999999,0.05,0.025,0
136,0.030000000000000027,0.4,0.1,0
137,0.2899999999999999,0.375,0.125,0
138,-0.17000000000000004,0.35,0.125,0
139,-0.1399999999999999,0.175,0.075,0
140,0.07000000000000006,0.375,0.125,0
141,0.2899999999999999,0.375,0.1,0
142,-0.12,0.15,0.1,0
143,-0.15999999999999992,0.125,0.1,0
144,0.029999999999999805,0.5,0.15,0
145,0.2500000000000001,0.5,0.125,0
146,-0.18000000000000005,0.375,0.125,0
147,-0.15999999999999992,0.2,0.075,0
148,0.030000000000000027,0.45,0.125,0
149,0.2699999999999999,0.425,0.1,0
150,-0.16000000000000003,0.2,0.075,0
151,-0.16999999999999993,0.2,0.1,0
152,0.040000000000000036,0.475,0.1,0
153,0.29999999999999993,0.45,0.1,0
154,-0.15000000000000002,0.175,0.1,0
155,-0.16999999999999993,0.2,0.125,0
156,0.0,0.5,0.1,0
157,0.29999999999999993,0.525,0.175,0
158,-0.14,0.175,0.075,0
159,-0.1399999999999999,0.15,0.1,0
160,0.10999999999999988,0.3,0.1,0
161,0.33000000000000007,0.25,0.125,0
162,-0.08999999999999997,0.025,0.025,0
163,-0.21000000000000008,0.125,0.1,0
164,-0.030000000000000027,0.6,0.125,0
165,0.21000000000000008,0.65,0.175,0
166,-0.19000000000000006,0.35,0.15,0
167,-0.1499999999999999,0.275,0.1,0
168,0.020000000000000018,0.375,0.125,0
169,0.29999999999999993,0.45,0.15,0
170,-0.08999999999999997,0.1,0.075,0
171,-0.1499999999999999,0.05,0.05,0
172,0.039999999999999813,0.425,0.1,0
173,0.2300000000000001,0.4,0.15,0
174,-0.13,0.225,0.075,0
175,-0.16999999999999993,0.15,0.1,0
176,0.04999999999999982,0.525,0.1,0
177,0.33000000000000007,0.425,0.125,0
178,-0.05999999999999994,0.15,0.1,0
179,-0.18000000000000005,0.05,0.075,0
180,0.010000000000000009,0.45,0.15,0
181,0.28,0.475,0.15,0
182,-0.18000000000000005,0.175,0.1,0
183,-0.18000000000000005,0.25,0.1,0
184,0.020000000000000018,0.525,0.15,0
185,0.22000000000000008,0.5,0.15,0
186,-0.17000000000000004,0.275,0.075,0
187,-0.24,0.275,0.15,0
188,-0.08000000000000007,0.7,0.15,0
189,0.19000000000000017,0.875,0.2,0
190,-0.18000000000000016,0.475,0.1,0
191,-0.15999999999999992,0.2,0.125,0
192,0.030000000000000027,0.4,0.1,0
193,0.34999999999999987,0.4,0.125,0
194,-0.11999999999999988,0.15,0.075,0
195,-0.1499999999999999,0.15,0.1,0
196,0.06999999999999984,0.4,0.1,0
197,0.3600000000000001,0.425,0.1,0
198,-0.1200000000000001,0.15,0.075,0
199,-0.15999999999999992,0.1,0.075,0
200,0.09000000000000008,0.425,0.15,0
201,0.32999999999999996,0.4,0.125,0
202,-0.12,0.2,0.075,0
203,-0.16000000000000014,0.2,0.075,0
204,0.050000000000000044,0.325,0.15,0
205,0.28,0.275,0.075,0
206,-0.05999999999999994,0.1,0.1,0
207,-0.15000000000000002,0.05,0.05,0
208,0.0,0.4,0.125,0
209,0.22999999999999998,0.475,0.15,0
210,-0.18999999999999995,0.2,0.075,0
211,-0.13000000000000012,0.225,0.075,0
212,-0.010000000000000009,0.35,0.15,0
213,0.2300000000000001,0.45,0.15,0
214,-0.16000000000000003,0.175,0.1,0
215,-0.1399999999999999,0.15,0.075,0
216,0.010000000000000009,0.3,0.125,0
217,0.2799999999999999,0.375,0.125,0
218,-0.12,0.075,0.075,0
219,-0.20999999999999996,0.075,0.075,0
220,-0.010000000000000009,0.525,0.125,0
221,0.2699999999999999,0.5,0.15,0
222,-0.15000000000000002,0.375,0.125,0
223,-0.1499999999999999,0.15,0.075,0
224,0.050000000000000044,0.4,0.1,0
225,0.2799999999999999,0.425,0.1,0
226,-0.16000000000000003,0.15,0.075,0
227,-0.17999999999999994,0.2,0.1,0
228,0.030000000000000027,0.525,0.125,0
229,0.21999999999999997,0.6,0.15,0
230,-0.20999999999999996,0.525,0.15,0
231,-0.18999999999999995,0.275,0.1,0
232,0.019999999999999796,0.475,0.1,0
233,0.27,0.475,0.15,0
234,-0.1399999999999999,0.275,0.125,0
235,-0.17999999999999994,0.2,0.125,0
236,0.010000000000000009,0.5,0.125,0
237,0.30999999999999983,0.525,0.15,0
238,-0.16999999999999993,0.25,0.125,0
239,-0.18999999999999995,0.25,0.1,0
240,0.06000000000000005,0.475,0.125,0
241,0.3899999999999999,0.475,0.15,0
242,-0.1299999999999999,0.125,0.1,0
243,-0.15000000000000013,0.125,0.1,0
244,0.09000000000000008,0.425,0.125,0
245,0.36,0.35,0.15,0
246,-0.07000000000000006,0.175,0.1,0
247,-0.16000000000000003,0.05,0.075,0
248,0.020000000000000018,0.425,0.1,0
249,0.22000000000000008,0.475,0.125,0
250,-0.17000000000000004,0.225,0.075,0
251,-0.18999999999999995,0.2,0.075,0
252,0.030000000000000027,0.45,0.1,0
253,0.29999999999999993,0.425,0.1,0
254,-0.12,0.15,0.075,0
255,-0.19999999999999996,0.15,0.1,0
256,0.030000000000000027,0.575,0.15,0
257,0.2499999999999999,0.525,0.15,0
258,-0.17000000000000004,0.275,0.075,0
259,-0.16999999999999993,0.2,0.1,0
260,0.020000000000000018,0.45,0.1,0
261,0.28,0.45,0.15,0
262,-0.18000000000000016,0.3,0.075,0
263,-0.17999999999999994,0.2,0.125,0
264,0.020000000000000018,0.475,0.125,0
265,0.28,0.525,0.175,0
266,-0.1399999999999999,0.35,0.1,0
267,-0.16000000000000014,0.125,0.1,0
268,0.050000000000000044,0.45,0.15,0
269,0.29000000000000004,0.475,0.125,0
270,-0.10000000000000009,0.225,0.1,0
271,-0.15999999999999992,0.125,0.075,0
272,0.06000000000000005,0.425,0.125,0
273,0.34999999999999987,0.425,0.1,0
274,-0.12,0.075,0.05,0
275,-0.16000000000000003,0.125,0.075,0
276,0.040000000000000036,0.425,0.1,0
277,0.33000000000000007,0.425,0.125,0
278,-0.08000000000000007,0.125,0.05,0
279,-0.1399999999999999,0.05,0.075,0
280,0.019999999999999907,0.35,0.125,0
281,0.20000000000000007,0.325,0.1,0
282,-0.12,0.175,0.075,0
283,-0.19000000000000006,0.1,0.075,0
284,-0.08000000000000007,0.5,0.125,0
285,0.22000000000000008,0.65,0.2,0
286,-0.19000000000000006,0.375,0.125,0
287,-0.18999999999999995,0.225,0.125,0
288,0.010000000000000009,0.475,0.125,0
289,0.24,0.475,0.15,0
290,-0.15999999999999992,0.225,0.075,0
291,-0.20999999999999996,0.25,0.125,0
292,0.019999999999999796,0.575,0.125,0
293,0.31000000000000005,0.575,0.125,0
294,-0.1399999999999999,0.35,0.1,0
295,-0.16000000000000014,0.125,0.05,0
296,0.0,0.45,0.15,0
297,0.29000000000000004,0.6,0.125,0
298,-0.11999999999999988,0.225,0.125,0
299,-0.14000000000000012,0.125,0.075,0
300,0.030000000000000027,0.425,0.1,0
301,0.32000000000000006,0.475,0.175,0
302,-0.17999999999999994,0.225,0.1,0
303,-0.17000000000000015,0.225,0.075,0
304,0.020000000000000018,0.45,0.125,0
305,0.3400000000000001,0.5,0.125,0
306,-0.13000000000000012,0.275,0.15,0
307,-0.18999999999999995,0.125,0.075,0
308,0.010000000000000009,0.475,0.175,0
309,0.25,0.55,0.125,0
310,-0.16999999999999993,0.25,0.1,0
311,-0.18999999999999995,0.225,0.125,0
312,0.06999999999999984,0.5,0.125,0
313,0.30000000000000004,0.425,0.125,0
314,-0.17999999999999994,0.275,0.1,0
315,-0.17999999999999994,0.2,0.075,0
316,0.06999999999999984,0.375,0.15,0
317,0.32000000000000006,0.375,0.1,0
318,-0.08000000000000007,0.15,0.05,0
319,-0.17999999999999994,0.05,0.05,0
320,0.0,0.45,0.125,0
321,0.28,0.525,0.15,0
322,-0.13000000000000012,0.225,0.1,0
323,-0.1499999999999999,0.1,0.075,0
324,0.07000000000000006,0.4,0.1,0
325,0.29999999999999993,0.425,0.15,0
326,-0.14,0.2,0.1,0
327,-0.17999999999999994,0.15,0.1,0
328,0.010000000000000009,0.425,0.125,0
329,0.25,0.525,0.15,0
330,-0.17000000000000015,0.25,0.1,0
331,-0.16999999999999993,0.2,0.1,0
332,0.010000000000000009,0.5,0.1,0
333,0.28,0.5,0.15,0
334,-0.15999999999999992,0.225,0.1,0
335,-0.17000000000000015,0.2,0.125,0
336,0.07000000000000006,0.475,0.1,0
337,0.35,0.4,0.15,0
338,-0.12,0.1,0.05,0
339,-0.1399999999999999,0.1,0.1,0
340,0.11999999999999988,0.4,0.075,0
341,0.3500000000000001,0.275,0.1,0
342,-0.09000000000000008,0.15,0.075,0
343,-0.15000000000000002,0.075,0.025,0
344,-0.009999999999999898,0.45,0.1,0
345,0.22999999999999998,0.5,0.125,0
346,-0.10999999999999999,0.2,0.05,0
347,-0.19000000000000006,0.125,0.075,0
348,-0.010000000000000009,0.55,0.125,0
349,0.29000000000000004,0.5,0.1,0
350,-0.09999999999999998,0.15,0.1,0
351,-0.16000000000000003,0.1,0.05,0
352,0.020000000000000018,0.475,0.15,0
353,0.25,0.475,0.125,0
354,-0.15000000000000002,0.175,0.075,0
355,-0.17000000000000004,0.2,0.1,0
356,0.030000000000000027,0.35,0.1,0
357,0.22999999999999998,0.3,0.125,0
358,-0.14,0.15,0.1,0
359,-0.21999999999999986,0.2,0.075,0
360,0.0,0.575,0.15,0
361,0.20999999999999985,0.575,0.125,0
362,-0.18000000000000005,0.275,0.125,0
363,-0.15999999999999992,0.225,0.075,0
364,0.020000000000000018,0.375,0.15,0
365,0.29000000000000004,0.375,0.1,0
366,-0.09000000000000008,0.175,0.1,0
367,-0.11999999999999988,0.05,0.05,0
368,0.010000000000000009,0.325,0.125,0
369,0.2599999999999999,0.45,0.125,0
370,-0.15000000000000002,0.175,0.075,0
371,-0.18999999999999995,0.175,0.125,0
372,0.010000000000000009,0.475,0.125,0
373,0.31999999999999995,0.525,0.15,0
374,-0.10999999999999999,0.175,0.1,0
375,-0.16999999999999993,0.1,0.075,0
376,0.030000000000000027,0.425,0.125,0
377,0.2799999999999999,0.45,0.125,0
378,-0.19000000000000006,0.35,0.125,0
379,-0.17999999999999994,0.225,0.1,0
380,0.040000000000000036,0.475,0.125,0
381,0.2899999999999999,0.45,0.125,0
382,-0.16000000000000003,0.125,0.1,0
383,-0.15999999999999992,0.175,0.1,0
384,0.030000000000000027,0.425,0.125,0
385,0.32999999999999996,0.4,0.1,0
386,-0.15000000000000002,0.15,0.1,0
387,-0.1399999999999999,0.175,0.075,0
388,0.040000000000000036,0.375,0.125,0
389,0.2899999999999999,0.35,0.1,0
390,-0.14,0.25,0.1,0
391,-0.16999999999999993,0.125,0.075,0
392,-0.010000000000000009,0.425,0.125,0
393,0.2799999999999999,0.5,0.15,0
394,-0.16000000000000003,0.15,0.075,0
395,-0.17999999999999994,0.15,0.125,0
396,-0.010000000000000009,0.5,0.1,0
397,0.29000000000000004,0.5,0.15,0
398,-0.13000000000000012,0.25,0.125,0
399,-0.15999999999999992,0.1,0.075,0
400,0.040000000000000036,0.45,0.125,0
401,0.21999999999999997,0.5,0.175,0
402,-0.15999999999999992,0.325,0.1,0
403,-0.17000000000000015,0.225,0.1,0
404,0.06000000000000005,0.475,0.125,0
405,0.32999999999999996,0.425,0.125,0
406,-0.16000000000000003,0.1,0.075,0
407,-0.1499999999999999,0.2,0.1,0
408,-0.020000000000000018,0.425,0.1,0
409,0.21999999999999997,0.5,0.15,0
410,-0.20999999999999996,0.525,0.125,0
411,-0.18999999999999995,0.275,0.125,0
412,0.020000000000000018,0.55,0.125,0
413,0.27,0.55,0.175,0
414,-0.2100000000000002,0.3,0.1,0
415,-0.19999999999999996,0.3,0.125,0
416,0.040000000000000036,0.6,0.15,0
417,0.30000000000000004,0.6,0.125,0
418,-0.17000000000000015,0.325,0.125,0
419,-0.18999999999999995,0.25,0.125,0
420,0.07000000000000006,0.525,0.1,0
421,0.3500000000000001,0.5,0.175,0
422,-0.17000000000000015,0.35,0.1,0
423,-0.16999999999999993,0.175,0.125,0
424,0.10999999999999988,0.5,0.125,0
425,0.31000000000000005,0.475,0.15,0
426,-0.17999999999999994,0.425,0.125,0
427,-0.16999999999999993,0.325,0.125,0
428,0.06999999999999984,0.4,0.125,0
429,0.32000000000000006,0.4,0.125,0
430,-0.1299999999999999,0.225,0.1,0
431,-0.16000000000000014,0.15,0.075,0
432,0.040000000000000036,0.45,0.125,0
433,0.31000000000000005,0.45,0.15,0
434,-0.13000000000000012,0.225,0.1,0
435,-0.1499999999999999,0.05,0.075,0
436,0.040000000000000036,0.375,0.1,0
437,0.31999999999999995,0.35,0.15,0
438,-0.15000000000000002,0.15,0.075,0
439,-0.1499999999999999,0.2,0.1,0
440,0.010000000000000009,0.425,0.1,0
441,0.2899999999999999,0.5,0.15,0
442,-0.15000000000000002,0.225,0.075,0
443,-0.1499999999999999,0.15,0.075,0
444,0.050000000000000044,0.4,0.1,0
445,0.2799999999999999,0.4,0.1,0
446,-0.12,0.1,0.05,0
447,-0.16999999999999993,0.1,0.05,0
448,0.019999999999999796,0.45,0.1,0
449,0.31000000000000005,0.45,0.15,0
450,-0.10999999999999999,0.175,0.075,0
451,-0.15000000000000002,0.15,0.075,0
452,0.020000000000000018,0.375,0.125,0
453,0.27,0.425,0.1,0
454,-0.13,0.175,0.1,0
455,-0.16000000000000003,0.15,0.075,0
456,0.010000000000000009,0.425,0.15,0
457,0.21000000000000008,0.475,0.1,0
458,-0.14,0.275,0.125,0
459,-0.1499999999999999,0.2,0.075,0
460,0.05999999999999983,0.4,0.125,0
461,0.2600000000000001,0.35,0.1,0
462,-0.12,0.1,0.075,0
463,-0.20999999999999996,0.125,0.075,0
464,0.039999999999999813,0.55,0.15,0
465,0.30000000000000004,0.5,0.15,0
466,-0.15999999999999992,0.125,0.05,0
467,-0.17999999999999994,0.2,0.1,0
468,0.039999999999999813,0.5,0.15,0
469,0.2500000000000001,0.475,0.125,0
470,-0.20000000000000007,0.225,0.1,0
471,-0.20999999999999996,0.25,0.1,0
472,0.030000000000000027,0.6,0.15,0
473,0.26,0.55,0.125,0
474,-0.15999999999999992,0.25,0.1,0
475,-0.18000000000000016,0.15,0.075,0
476,0.040000000000000036,0.425,0.1,0
477,0.29000000000000004,0.425,0.1,0
478,-0.1100000000000001,0.175,0.075,0
479,-0.1399999999999999,0.075,0.05,0
480,0.040000000000000036,0.4,0.1,0
481,0.31999999999999995,0.425,0.125,0
482,-0.16000000000000003,0.3,0.15,0
483,-0.18999999999999995,0.125,0.075,0
484,0.010000000000000009,0.5,0.125,0
485,0.2899999999999999,0.575,0.125,0
486,-0.17000000000000004,0.225,0.075,0
487,-0.16999999999999993,0.2,0.1,0
488,0.06000000000000005,0.425,0.125,0
489,0.33999999999999997,0.375,0.15,0
490,-0.13,0.125,0.1,0
491,-0.16999999999999993,0.125,0.1,0
492,0.040000000000000036,0.45,0.125,0
493,0.23999999999999988,0.425,0.125,0
494,-0.16000000000000003,0.325,0.125,0
495,-0.15999999999999992,0.175,0.075,0
496,0.040000000000000036,0.425,0.175,0
497,0.2599999999999999,0.45,0.15,0
498,-0.20000000000000007,0.225,0.1,0
499,-0.18999999999999995,0.275,0.125,0
500,0.030000000000000027,0.525,0.15,0
501,0.30000000000000004,0.5,0.125,0
502,-0.15000000000000013,0.225,0.075,0
503,-0.1399999999999999,0.125,0.125,0
504,0.020000000000000018,0.35,0.1,0
505,0.30000000000000004,0.4,0.125,0
506,-0.14000000000000012,0.175,0.075,0
507,-0.15999999999999992,0.175,0.075,0
508,0.040000000000000036,0.425,0.1,0
509,0.30999999999999994,0.45,0.125,0
510,-0.13,0.325,0.1,0
511,-0.16999999999999993,0.1,0.075,0
512,0.040000000000000036,0.425,0.125,0
513,0.32999999999999996,0.375,0.125,0
514,-0.1100000000000001,0.1,0.075,0
515,-0.12,0.1,0.075,0
516,0.030000000000000027,0.35,0.1,0
517,0.27,0.35,0.125,0
518,-0.13,0.15,0.075,0
519,-0.17000000000000004,0.175,0.1,0
520,0.0,0.5,0.15,0
521,0.22000000000000008,0.55,0.15,0
522,-0.16000000000000003,0.375,0.125,0
523,-0.15999999999999992,0.175,0.1,0
524,0.039999999999999813,0.425,0.125,0
525,0.2500000000000001,0.375,0.125,0
526,-0.07999999999999996,0.175,0.125,0
527,-0.16000000000000014,0.1,0.075,0
528,0.040000000000000036,0.4,0.15,0
529,0.30000000000000004,0.4,0.125,0
530,-0.14,0.125,0.1,0
531,-0.18000000000000005,0.1,0.05,0
532,0.010000000000000009,0.475,0.15,0
533,0.2400000000000001,0.525,0.125,0
534,-0.16000000000000003,0.25,0.125,0
535,-0.1499999999999999,0.2,0.075,0
536,0.029999999999999805,0.375,0.125,0
537,0.2600000000000001,0.35,0.1,0
538,-0.14,0.15,0.1,0
539,-0.17999999999999994,0.175,0.1,0
540,0.020000000000000018,0.525,0.15,0
541,0.2699999999999999,0.5,0.1,0
542,-0.10999999999999999,0.15,0.05,0
543,-0.15999999999999992,0.125,0.075,0
544,0.039999999999999813,0.425,0.125,0
545,0.3500000000000001,0.375,0.1,0
546,-0.08999999999999997,0.1,0.05,0
547,-0.17000000000000004,0.05,0.05,0
548,0.010000000000000009,0.45,0.15,0
549,0.27,0.525,0.15,0
550,-0.14,0.175,0.075,0
551,-0.16000000000000003,0.175,0.075,0
552,0.030000000000000027,0.45,0.1,0
553,0.25,0.45,0.125,0
554,-0.15000000000000002,0.15,0.075,0
555,-0.17000000000000004,0.175,0.075,0
556,-0.010000000000000009,0.45,0.15,0
557,0.21000000000000008,0.525,0.125,0
558,-0.17000000000000004,0.4,0.1,0
559,-0.17999999999999994,0.175,0.075,0
560,0.010000000000000009,0.425,0.125,0
561,0.22999999999999998,0.4,0.1,0
562,-0.18999999999999995,0.25,0.125,0
563,-0.17000000000000015,0.175,0.075,0
564,0.010000000000000009,0.45,0.15,0
565,0.27,0.525,0.175,0
566,-0.15999999999999992,0.275,0.15,0
567,-0.15999999999999992,0.225,0.075,0
568,0.07999999999999985,0.45,0.125,0
569,0.3500000000000001,0.375,0.125,0
570,-0.08000000000000007,0.1,0.075,0
571,-0.17999999999999994,0.125,0.1,0
572,0.050000000000000044,0.475,0.1,0
573,0.3699999999999999,0.475,0.15,0
574,-0.06999999999999995,0.1,0.05,0
575,-0.18000000000000005,0.05,0.05,0
576,0.0,0.475,0.125,0
577,0.28,0.575,0.15,0
578,-0.08999999999999997,0.2,0.1,0
579,-0.10999999999999999,0.025,0.05,0
580,0.04999999999999993,0.3,0.125,0
581,0.2300000000000001,0.35,0.1,0
582,-0.09000000000000008,0.15,0.075,0
583,-0.16999999999999993,0.075,0.025,0
584,-0.020000000000000018,0.5,0.15,0
585,0.26,0.525,0.15,0
586,-0.09000000000000008,0.15,0.075,0
587,-0.15999999999999992,0.1,0.05,0
588,-0.010000000000000009,0.4,0.125,0
589,0.29999999999999993,0.425,0.1,0
590,-0.12,0.075,0.075,0
591,-0.16999999999999993,0.125,0.075,0
592,0.029999999999999916,0.45,0.15,0
593,0.20000000000000007,0.45,0.125,0
594,-0.16000000000000003,0.2,0.075,0
595,-0.18000000000000005,0.225,0.125,0
596,-0.010000000000000009,0.525,0.125,0
597,0.2300000000000001,0.5,0.15,0
598,-0.10999999999999999,0.175,0.125,0
599,-0.18999999999999995,0.1,0.075,0
600,-0.020000000000000018,0.525,0.125,0
601,0.20999999999999996,0.625,0.15,0
602,-0.18999999999999995,0.3,0.1,0
603,-0.19000000000000017,0.275,0.125,0
604,0.050000000000000044,0.525,0.1,0
605,0.33000000000000007,0.45,0.15,0
606,-0.13000000000000012,0.2,0.1,0
607,-0.16999999999999993,0.15,0.1,0
608,0.010000000000000009,0.425,0.125,0
609,0.26,0.525,0.175,0
610,-0.1399999999999999,0.375,0.1,0
611,-0.14000000000000012,0.15,0.125,0
612,0.030000000000000027,0.4,0.075,0
613,0.31999999999999995,0.425,0.15,0
614,-0.17000000000000004,0.2,0.1,0
615,-0.16999999999999993,0.2,0.1,0
616,0.020000000000000018,0.475,0.1,0
617,0.32999999999999996,0.475,0.15,0
618,-0.18000000000000005,0.225,0.1,0
619,-0.1499999999999999,0.225,0.075,0
620,0.040000000000000036,0.375,0.125,0
621,0.22999999999999998,0.425,0.125,0
622,-0.14000000000000012,0.225,0.1,0
623,-0.16999999999999993,0.125,0.1,0
624,0.0,0.425,0.1,0
625,0.28,0.45,0.1,0
626,-0.15999999999999992,0.2,0.1,0
627,-0.17000000000000015,0.25,0.1,0
628,0.010000000000000009,0.475,0.15,0
629,0.26,0.55,0.15,0
630,-0.15999999999999992,0.45,0.1,0
631,-0.15999999999999992,0.175,0.075,0
632,0.04999999999999982,0.425,0.1,0
633,0.31000000000000005,0.425,0.125,0
634,-0.11999999999999988,0.25,0.125,0
635,-0.15000000000000013,0.075,0.05,0
636,0.020000000000000018,0.4,0.125,0
637,0.32000000000000006,0.475,0.15,0
638,-0.1200000000000001,0.2,0.075,0
639,-0.18999999999999995,0.15,0.1,0
640,0.020000000000000018,0.525,0.125,0
641,0.30000000000000004,0.525,0.15,0
642,-0.18999999999999995,0.4,0.125,0
643,-0.19000000000000017,0.225,0.1,0
644,0.010000000000000009,0.525,0.175,0
645,0.28,0.55,0.15,0
646,-0.1399999999999999,0.275,0.125,0
647,-0.17000000000000015,0.125,0.075,0
648,0.0,0.475,0.15,0
649,0.29000000000000004,0.575,0.125,0
650,-0.1399999999999999,0.275,0.1,0
651,-0.18999999999999995,0.125,0.075,0
652,0.019999999999999796,0.525,0.15,0
653,0.31000000000000005,0.55,0.125,0
654,-0.15999999999999992,0.3,0.1,0
655,-0.16000000000000014,0.175,0.075,0
656,0.050000000000000044,0.425,0.15,0
657,0.3400000000000001,0.45,0.1,0
658,-0.15999999999999992,0.25,0.1,0
659,-0.16000000000000014,0.15,0.075,0
660,0.06000000000000005,0.45,0.15,0
661,0.31999999999999995,0.425,0.1,0
662,-0.13,0.2,0.075,0
663,-0.1399999999999999,0.175,0.075,0
664,0.040000000000000036,0.325,0.125,0
665,0.33999999999999986,0.4,0.125,0
666,-0.06999999999999995,0.125,0.075,0
667,-0.18000000000000005,0.075,0.05,0
668,-0.020000000000000018,0.5,0.125,0
669,0.28,0.55,0.15,0
670,-0.13,0.2,0.075,0
671,-0.15000000000000002,0.125,0.125,0
672,0.040000000000000036,0.4,0.1,0
673,0.30000000000000004,0.35,0.125,0
674,-0.09999999999999998,0.1,0.075,0
675,-0.15000000000000002,0.1,0.05,0
676,0.030000000000000027,0.375,0.125,0
677,0.21999999999999997,0.45,0.15,0
678,-0.14,0.2,0.15,0
679,-0.16000000000000003,0.175,0.1,0
680,0.030000000000000027,0.45,0.15,0
681,0.24,0.35,0.1,0
682,-0.08999999999999997,0.2,0.1,0
683,-0.14,0.075,0.05,0
684,-0.030000000000000027,0.375,0.1,0
685,0.22999999999999998,0.475,0.125,0
686,-0.1399999999999999,0.175,0.075,0
687,-0.18000000000000016,0.175,0.1,0
688,-0.009999999999999787,0.5,0.125,0
689,0.23999999999999988,0.5,0.15,0
690,-0.16000000000000003,0.4,0.125,0
691,-0.16999999999999993,0.125,0.075,0
692,0.050000000000000044,0.45,0.1,0
693,0.23999999999999988,0.45,0.125,0
694,-0.17000000000000004,0.275,0.1,0
695,-0.16999999999999993,0.175,0.075,0
696,0.040000000000000036,0.5,0.1,0
697,0.31999999999999995,0.4,0.125,0
698,-0.09999999999999998,0.125,0.05,0
699,-0.1499999999999999,0.1,0.075,0
700,0.030000000000000027,0.35,0.15,0
701,0.2799999999999999,0.45,0.1,0
702,-0.13,0.175,0.1,0
703,-0.15999999999999992,0.125,0.075,0
704,0.019999999999999796,0.4,0.125,0
705,0.27000000000000013,0.375,0.1,0
706,-0.14,0.2,0.075,0
707,-0.17999999999999994,0.2,0.125,0
708,-0.020000000000000018,0.55,0.125,0
709,0.22999999999999998,0.625,0.2,0
710,-0.18999999999999995,0.35,0.125,0
711,-0.13000000000000012,0.225,0.075,0
712,0.020000000000000018,0.35,0.125,0
713,0.28,0.4,0.125,0
714,-0.13000000000000012,0.275,0.125,0
715,-0.1399999999999999,0.125,0.075,0
716,0.050000000000000044,0.375,0.125,0
717,0.2799999999999999,0.35,0.125,0
718,-0.16000000000000003,0.175,0.125,0
719,-0.18999999999999995,0.225,0.1,0
720,0.020000000000000018,0.525,0.175,0
721,0.29000000000000004,0.575,0.125,0
722,-0.18999999999999995,0.25,0.125,0
723,-0.2200000000000002,0.25,0.125,0
724,0.020000000000000018,0.6,0.175,0
725,0.31000000000000005,0.625,0.15,0
726,-0.1499999999999999,0.2,0.05,0
727,-0.13000000000000012,0.125,0.075,0
728,0.06000000000000005,0.35,0.1,0
729,0.25,0.35,0.125,0
730,-0.24,0.4,0.15,0
731,-0.16999999999999993,0.45,0.125,0
732,0.08999999999999986,0.425,0.15,0
733,0.33000000000000007,0.375,0.1,0
734,-0.1299999999999999,0.15,0.075,0
735,-0.20000000000000018,0.125,0.1,0
736,0.0,0.5,0.15,0
737,0.21999999999999997,0.6,0.2,0
738,-0.15999999999999992,0.55,0.125,0
739,-0.16999999999999993,0.15,0.075,0
740,0.040000000000000036,0.4,0.125,0
741,0.32999999999999985,0.4,0.1,0
742,-0.11999999999999988,0.15,0.1,0
743,-0.15000000000000013,0.05,0.075,0
744,0.07000000000000006,0.375,0.125,0
745,0.33999999999999997,0.425,0.1,0
746,-0.14,0.2,0.125,0
747,-0.16999999999999993,0.15,0.075,0
748,0.07000000000000006,0.45,0.125,0
749,0.2899999999999999,0.4,0.125,0
750,-0.16000000000000003,0.2,0.1,0
751,-0.15999999999999992,0.175,0.1,0
752,0.030000000000000027,0.425,0.125,0
753,0.22999999999999998,0.45,0.125,0
754,-0.18000000000000016,0.275,0.1,0
755,-0.21999999999999997,0.275,0.125,0
756,0.010000000000000009,0.625,0.15,0
757,0.29000000000000004,0.65,0.125,0
758,-0.1399999999999999,0.2,0.075,0
759,-0.14000000000000012,0.15,0.1,0
760,0.08000000000000007,0.35,0.125,0
761,0.32999999999999996,0.35,0.15,0
762,-0.08999999999999997,0.125,0.05,0
763,-0.15999999999999992,0.1,0.075,0
764,0.010000000000000009,0.475,0.15,0
765,0.2599999999999999,0.575,0.2,0
766,-0.17000000000000004,0.25,0.1,0
767,-0.17999999999999994,0.225,0.125,0
768,0.030000000000000027,0.5,0.125,0
769,0.30999999999999994,0.525,0.125,0
770,-0.16000000000000003,0.225,0.075,0
771,-0.1499999999999999,0.2,0.075,0
772,0.010000000000000009,0.375,0.1,0
773,0.29999999999999993,0.425,0.1,0
774,-0.10999999999999999,0.125,0.075,0
775,-0.18999999999999995,0.125,0.1,0
776,-0.020000000000000018,0.475,0.125,0
777,0.31999999999999995,0.525,0.125,0
778,-0.10999999999999999,0.15,0.075,0
779,-0.1299999999999999,0.075,0.05,0
780,0.06999999999999984,0.325,0.075,0
781,0.31000000000000005,0.3,0.1,0
782,-0.12,0.2,0.1,0
783,-0.13,0.1,0.05,0
784,0.030000000000000027,0.35,0.125,0
785,0.22999999999999998,0.4,0.15,0
786,-0.12,0.15,0.1,0
787,-0.16000000000000003,0.15,0.075,0
788,-0.020000000000000018,0.4,0.1,0
789,0.28,0.45,0.125,0
790,-0.09999999999999998,0.15,0.05,0
791,-0.15000000000000002,0.075,0.1,0
792,0.010000000000000009,0.375,0.1,0
793,0.20999999999999996,0.45,0.125,0
794,-0.10999999999999999,0.175,0.05,0
795,-0.17000000000000004,0.15,0.125,0
796,0.020000000000000018,0.425,0.1,0
797,0.30000000000000004,0.375,0.15,0
798,-0.12,0.075,0.075,0
799,-0.19000000000000006,0.125,0.075,0
800,0.030000000000000027,0.5,0.15,0
801,0.22999999999999998,0.475,0.125,0
802,-0.15999999999999992,0.2,0.075,0
803,-0.15999999999999992,0.2,0.1,0
804,0.0,0.4,0.1,0
805,0.20999999999999985,0.45,0.15,0
806,-0.16000000000000003,0.3,0.075,0
807,-0.1299999999999999,0.15,0.125,0
808,0.030000000000000027,0.375,0.125,0
809,0.2499999999999999,0.325,0.1,0
810,-0.16000000000000003,0.275,0.125,0
811,-0.1399999999999999,0.15,0.1,0
812,0.020000000000000018,0.35,0.125,0
813,0.32999999999999996,0.375,0.125,0
814,-0.12,0.1,0.05,0
815,-0.18999999999999995,0.15,0.075,0
816,0.050000000000000044,0.525,0.125,0
817,0.34999999999999987,0.425,0.125,0
818,-0.15999999999999992,0.175,0.075,0
819,-0.17000000000000015,0.175,0.1,0
820,0.030000000000000027,0.45,0.1,0
821,0.27000000000000013,0.45,0.15,0
822,-0.1100000000000001,0.175,0.075,0
823,-0.15000000000000002,0.1,0.1,0
824,-0.040000000000000036,0.4,0.1,0
825,0.2300000000000001,0.525,0.15,0
826,-0.19000000000000006,0.25,0.125,0
827,-0.16999999999999993,0.225,0.075,0
828,0.040000000000000036,0.425,0.15,0
829,0.2899999999999999,0.4,0.1,0
830,-0.12,0.125,0.075,0
831,-0.11999999999999988,0.075,0.05,0
832,0.030000000000000027,0.3,0.1,0
833,0.29999999999999993,0.325,0.125,0
834,-0.14,0.225,0.125,0
835,-0.16999999999999993,0.15,0.075,0
836,0.029999999999999805,0.5,0.1,0
837,0.31000000000000005,0.4,0.1,0
838,-0.15999999999999992,0.15,0.075,0
839,-0.16000000000000014,0.2,0.1,0
840,0.050000000000000044,0.425,0.1,0
841,0.3400000000000001,0.375,0.15,0
842,-0.13,0.075,0.05,0
843,-0.21000000000000008,0.15,0.1,0
844,-0.020000000000000018,0.575,0.175,0
845,0.22000000000000008,0.625,0.15,0
846,-0.18000000000000005,0.375,0.125,0
847,-0.1399999999999999,0.175,0.075,0
848,0.0,0.375,0.125,0
849,0.2699999999999999,0.475,0.15,0
850,-0.16000000000000003,0.15,0.05,0
851,-0.1499999999999999,0.15,0.125,0
852,0.06000000000000005,0.425,0.1,0
853,0.35,0.325,0.125,0
854,-0.14,0.125,0.075,0
855,-0.15000000000000013,0.2,0.075,0
856,0.0,0.4,0.125,0
857,0.2500000000000001,0.45,0.125,0
858,-0.15000000000000002,0.225,0.075,0
859,-0.1399999999999999,0.175,0.075,0
860,0.04999999999999982,0.375,0.1,0
861,0.27000000000000013,0.35,0.1,0
862,-0.09000000000000008,0.125,0.075,0
863,-0.16000000000000003,0.075,0.075,0
864,-0.010000000000000009,0.425,0.15,0
865,0.2500000000000001,0.475,0.125,0
866,-0.12,0.2,0.075,0
867,-0.19999999999999996,0.125,0.1,0
868,0.020000000000000018,0.6,0.175,0
869,0.31999999999999995,0.6,0.15,0
870,-0.14,0.175,0.075,0
871,-0.14000000000000012,0.175,0.125,0
872,0.010000000000000009,0.325,0.075,0
873,0.2600000000000001,0.425,0.175,0
874,-0.14,0.325,0.1,0
875,-0.16999999999999993,0.125,0.1,0
876,-0.040000000000000036,0.45,0.15,0
877,0.22999999999999998,0.5,0.15,0
878,-0.17999999999999994,0.25,0.1,0
879,-0.18000000000000016,0.25,0.1,0
880,-0.010000000000000009,0.55,0.175,0
881,0.31000000000000005,0.55,0.15,0
882,-0.1499999999999999,0.2,0.1,0
883,-0.10000000000000009,0.125,0.1,0
884,0.07000000000000006,0.25,0.075,0
885,0.29999999999999993,0.35,0.125,0
886,-0.08999999999999997,0.175,0.075,0
887,-0.1200000000000001,0.0,0.025,0
888,0.040000000000000036,0.3,0.075,0
889,0.3400000000000001,0.275,0.075,0
890,-0.06000000000000005,0.075,0.075,0
891,-0.16999999999999993,0.025,0.05,0
892,0.010000000000000009,0.45,0.1,0
893,0.21999999999999997,0.475,0.175,0
894,-0.17000000000000004,0.3,0.1,0
895,-0.15000000000000002,0.2,0.1,0
896,0.040000000000000036,0.45,0.125,0
897,0.27,0.375,0.1,0
898,-0.13,0.15,0.05,0
899,-0.21000000000000008,0.15,0.125,0
900,-0.010000000000000009,0.55,0.125,0
901,0.20000000000000007,0.55,0.125,0
902,-0.19000000000000006,0.3,0.125,0
903,-0.16999999999999993,0.225,0.075,0
904,0.010000000000000009,0.45,0.125,0
905,0.24,0.5,0.15,0
906,-0.17999999999999994,0.225,0.075,0
907,-0.17000000000000015,0.275,0.15,0
908,0.020000000000000018,0.5,0.1,0
909,0.32000000000000006,0.475,0.2,0
910,-0.1399999999999999,0.175,0.075,0
911,-0.20000000000000018,0.125,0.125,0
912,0.050000000000000044,0.5,0.1,0
913,0.3400000000000001,0.425,0.125,0
914,-0.14000000000000012,0.2,0.075,0
915,-0.1499999999999999,0.125,0.075,0
916,0.06000000000000005,0.375,0.125,0
917,0.2799999999999999,0.4,0.1,0
918,-0.14,0.175,0.075,0
919,-0.16999999999999993,0.125,0.125,0
920,0.030000000000000027,0.45,0.125,0
921,0.29999999999999993,0.5,0.1,0
922,-0.06999999999999995,0.125,0.1,0
923,-0.13000000000000012,0.05,0.05,0
924,0.040000000000000036,0.35,0.125,0
925,0.30000000000000004,0.375,0.15,0
926,-0.10999999999999999,0.175,0.1,0
927,-0.17000000000000004,0.1,0.075,0
928,0.020000000000000018,0.5,0.15,0
929,0.29000000000000004,0.45,0.1,0
930,-0.15000000000000002,0.175,0.1,0
931,-0.17000000000000004,0.175,0.125,0
932,0.020000000000000018,0.5,0.125,0
933,0.28,0.4,0.1,0
934,-0.12,0.15,0.05,0
935,-0.16000000000000003,0.125,0.075,0
936,-0.010000000000000009,0.375,0.1,0
937,0.20000000000000007,0.425,0.15,0
938,-0.18000000000000005,0.25,0.075,0
939,-0.17999999999999994,0.275,0.1,0
940,-0.020000000000000018,0.425,0.125,0
941,0.25,0.475,0.125,0
942,-0.13000000000000012,0.15,0.1,0
943,-0.15999999999999992,0.15,0.05,0
944,0.06000000000000005,0.45,0.125,0
945,0.29999999999999993,0.375,0.125,0
946,-0.19000000000000006,0.175,0.075,0
947,-0.21999999999999997,0.225,0.125,0
948,0.040000000000000036,0.6,0.175,0
949,0.28,0.55,0.125,0
950,-0.16999999999999993,0.425,0.125,0
951,-0.18000000000000016,0.175,0.075,0
952,0.010000000000000009,0.475,0.125,0
953,0.28,0.525,0.125,0
954,-0.16999999999999993,0.2,0.1,0
955,-0.19999999999999996,0.275,0.1,0
956,0.029999999999999805,0.575,0.15,0
957,0.30000000000000004,0.6,0.15,0
958,-0.17999999999999994,0.275,0.1,0
959,-0.20999999999999996,0.375,0.125,0
960,0.07000000000000006,0.55,0.15,0
961,0.3699999999999999,0.525,0.1,0
962,-0.1499999999999999,0.175,0.125,0
963,-0.17000000000000015,0.175,0.075,0
964,0.030000000000000027,0.45,0.1,0
965,0.32000000000000006,0.475,0.125,0
966,-0.17999999999999994,0.2,0.1,0
967,-0.19000000000000017,0.2,0.075,0
968,0.050000000000000044,0.5,0.175,0
969,0.30000000000000004,0.525,0.125,0
970,-0.15999999999999992,0.225,0.1,0
971,-0.14000000000000012,0.2,0.075,0
972,0.050000000000000044,0.4,0.1,0
973,0.32999999999999996,0.425,0.15,0
974,-0.10999999999999999,0.125,0.075,0
975,-0.1499999999999999,0.1,0.05,0
976,0.030000000000000027,0.425,0.1,0
977,0.30999999999999994,0.475,0.15,0
978,-0.16000000000000003,0.275,0.1,0
979,-0.16999999999999993,0.175,0.1,0
980,0.05999999999999983,0.475,0.125,0
981,0.29000000000000015,0.425,0.125,0
982,-0.16000000000000003,0.175,0.1,0
983,-0.16999999999999993,0.2,0.075,0
984,0.0,0.475,0.15,0
985,0.2799999999999999,0.575,0.175,0
986,-0.10999999999999999,0.15,0.125,0
987,-0.1399999999999999,0.1,0.075,0
988,0.039999999999999813,0.425,0.125,0
989,0.32000000000000006,0.375,0.125,0
990,-0.09999999999999998,0.125,0.075,0
991,-0.16000000000000003,0.1,0.05,0
992,0.010000000000000009,0.45,0.15,0
993,0.25,0.5,0.15,0
994,-0.17999999999999994,0.25,0.1,0
995,-0.17999999999999994,0.2,0.125,0
996,-0.030000000000000027,0.5,0.125,0
997,0.23999999999999988,0.575,0.15,0
998,-0.19000000000000006,0.425,0.125,0
999,-0.17999999999999994,0.225,0.075,0
