Queue_Length_0,Queue_Length_1,Queue_Length_2,Queue_Length_3,Waiting_Time_0,Waiting_Time_1,Waiting_Time_2,Waiting_Time_3,Flow_Rate_0,Flow_Rate_1,Flow_Rate_2,Flow_Rate_3,Spawn_Rate
0,1,0,0,150,149,149,149,0,0,0,0,3
0,1,0,0,150,149,149,149,0,0,0,0,3
0,1,0,0,150,149,149,149,0,0,0,0,3
0,1,0,0,150,149,149,149,0,0,0,0,3
0,1,0,0,150,149,149,149,0,0,0,0,3
0,1,0,0,150,149,149,149,0,0,0,0,3
0,1,0,0,150,149,149,149,0,0,0,0,3
0,1,0,0,150,149,149,149,0,0,0,0,3
0,1,0,0,150,149,149,149,0,0,0,0,3
0,1,0,0,150,149,149,149,0,0,0,0,3
0,1,0,0,150,149,149,149,0,0,0,0,3
0,1,0,0,150,149,149,149,0,0,0,0,3
0,1,0,0,150,149,149,149,0,0,0,0,3
0,1,0,0,150,149,149,149,0,0,0,0,3
0,1,0,0,150,149,149,149,0,0,0,0,3
0,1,0,0,150,149,149,149,0,0,0,0,3
0,1,0,0,150,149,149,149,0,0,0,0,3
0,1,0,0,150,149,149,149,0,0,0,0,3
0,1,0,0,150,149,149,149,0,0,0,0,3
0,1,0,0,150,149,149,149,0,0,0,0,3
0,1,0,0,150,149,149,149,0,0,0,0,3
0,1,0,0,150,149,149,149,0,0,0,0,3
0,1,0,0,150,149,149,149,0,0,0,0,3
0,1,0,0,150,149,149,149,0,0,0,0,3
0,1,0,0,150,149,149,149,0,0,0,0,3
0,1,0,0,150,149,149,149,0,0,0,0,3
0,1,0,0,150,149,149,149,0,0,0,0,3
0,1,0,0,150,149,149,149,0,0,0,0,3
0,1,0,0,150,149,149,149,0,0,0,0,3
0,1,0,0,150,149,149,149,0,0,0,0,3
0,1,0,0,150,149,149,149,0,0,0,0,3
0,1,0,0,150,149,149,149,0,0,0,0,3
0,1,0,0,150,148,148,148,0,0,0,0,3
0,1,0,0,150,148,148,148,0,0,0,0,3
0,1,0,0,150,148,148,148,0,0,0,0,3
0,1,0,0,150,148,148,148,0,0,0,0,3
0,1,0,0,150,148,148,148,0,0,0,0,3
0,1,0,0,150,148,148,148,0,0,0,0,3
0,1,0,0,150,148,148,148,0,0,0,0,3
0,1,0,0,150,148,148,148,0,0,0,0,3
0,1,0,0,150,148,148,148,0,0,0,0,3
0,1,0,0,150,148,148,148,0,0,0,0,3
0,1,0,0,150,148,148,148,0,0,0,0,3
0,1,0,0,150,148,148,148,0,0,0,0,3
0,1,0,0,150,148,148,148,0,0,0,0,3
0,1,0,0,150,148,148,148,0,0,0,0,3
0,1,0,0,150,148,148,148,0,0,0,0,3
0,1,0,0,150,148,148,148,0,0,0,0,3
0,1,0,0,150,148,148,148,0,0,0,0,3
0,1,0,0,150,148,148,148,0,0,0,0,3
0,1,0,0,150,148,148,148,0,0,0,0,3
0,1,0,0,150,148,148,148,0,0,0,0,3
0,1,0,0,150,148,148,148,0,0,0,0,3
0,1,0,0,150,148,148,148,0,0,0,0,3
0,1,0,0,150,148,148,148,0,0,0,0,3
0,1,0,0,150,148,148,148,0,0,0,0,3
0,1,0,0,150,148,148,148,0,0,0,0,3
0,1,0,0,150,148,148,148,0,0,0,0,3
0,1,0,0,150,148,148,148,0,0,0,0,3
0,1,0,0,150,148,148,148,0,0,0,0,3
0,1,0,0,150,148,148,148,0,0,0,0,3
0,1,0,0,150,148,148,148,0,0,0,0,3
0,1,0,0,150,148,148,148,0,0,0,0,3
0,1,0,0,150,147,147,147,0,0,0,0,3
0,1,0,0,150,147,147,147,0,0,0,0,3
0,1,0,0,150,147,147,147,0,0,0,0,3
0,1,0,0,150,147,147,147,0,0,0,0,3
0,1,0,0,150,147,147,147,0,0,0,0,3
0,1,0,0,150,147,147,147,0,0,0,0,3
0,1,0,0,150,147,147,147,0,0,0,0,3
0,1,0,0,150,147,147,147,0,0,0,0,3
0,1,0,0,150,147,147,147,0,0,0,0,3
0,1,0,0,150,147,147,147,0,0,0,0,3
0,1,0,0,150,147,147,147,0,0,0,0,3
0,1,0,0,150,147,147,147,0,0,0,0,3
0,1,0,0,150,147,147,147,0,0,0,0,3
0,1,0,0,150,147,147,147,0,0,0,0,3
0,1,0,0,150,147,147,147,0,0,0,0,3
0,1,0,0,150,147,147,147,0,0,0,0,3
0,1,0,0,150,147,147,147,0,0,0,0,3
0,1,0,0,150,147,147,147,0,0,0,0,3
0,1,0,0,150,147,147,147,0,0,0,0,3
0,1,0,0,150,147,147,147,0,0,0,0,3
0,1,0,0,150,147,147,147,0,0,0,0,3
0,1,0,0,150,147,147,147,0,0,0,0,3
0,1,0,0,150,147,147,147,0,0,0,0,3
0,1,0,0,150,147,147,147,0,0,0,0,3
0,1,0,0,150,147,147,147,0,0,0,0,3
0,1,0,0,150,147,147,147,0,0,0,0,3
0,1,0,0,150,147,147,147,0,0,0,0,3
0,1,0,0,150,147,147,147,0,0,0,0,3
0,1,0,0,150,147,147,147,0,0,0,0,3
0,1,0,0,150,147,147,147,0,0,0,0,3
0,1,0,0,150,147,147,147,0,0,0,0,3
0,1,0,0,150,147,147,147,0,0,0,0,3
0,1,0,0,150,147,147,147,0,0,0,0,3
0,1,0,0,150,147,147,147,0,0,0,0,3
0,1,0,0,150,146,146,146,0,0,0,0,3
0,1,0,1,150,146,146,146,0,0,0,0,3
0,1,0,1,150,146,146,146,0,0,0,0,3
0,1,0,1,150,146,146,146,0,0,0,0,3
0,1,0,1,150,146,146,146,0,0,0,0,3
0,1,0,1,150,146,146,146,0,0,0,0,3
0,1,0,1,150,146,146,146,0,0,0,0,3
0,1,0,1,150,146,146,146,0,0,0,0,3
0,1,0,1,150,146,146,146,0,0,0,0,3
0,1,0,1,150,146,146,146,0,0,0,0,3
0,1,0,1,150,146,146,146,0,0,0,0,3
0,1,0,1,150,146,146,146,0,0,0,0,3
0,1,0,1,150,146,146,146,0,0,0,0,3
0,1,0,1,150,145,145,145,0,0,0,0,3
0,1,0,1,150,145,145,145,0,0,0,0,3
0,1,0,1,150,145,145,145,0,0,0,0,3
0,1,0,1,150,145,145,145,0,0,0,0,3
0,1,0,1,150,145,145,145,0,0,0,0,3
0,1,0,1,150,145,145,145,0,0,0,0,3
0,1,0,1,150,145,145,145,0,0,0,0,3
0,1,0,1,150,145,145,145,0,0,0,0,3
0,1,0,1,150,145,145,145,0,0,0,0,3
0,1,0,1,150,145,145,145,0,0,0,0,3
0,1,0,1,150,145,145,145,0,0,0,0,3
0,1,0,1,150,145,145,145,0,0,0,0,3
0,1,0,1,150,145,145,145,0,0,0,0,3
0,1,0,1,150,145,145,145,0,0,0,0,3
0,1,0,1,150,145,145,145,0,0,0,0,3
0,1,0,1,150,145,145,145,0,0,0,0,3
0,1,0,1,150,145,145,145,0,0,0,0,3
0,1,0,1,150,145,145,145,0,0,0,0,3
0,1,0,1,150,145,145,145,0,0,0,0,3
0,1,0,1,150,145,145,145,0,0,0,0,3
0,1,0,1,150,145,145,145,0,0,0,0,3
0,1,0,1,150,145,145,145,0,0,0,0,3
0,1,0,1,150,145,145,145,0,0,0,0,3
0,1,0,1,150,145,145,145,0,0,0,0,3
0,1,0,1,150,145,145,145,0,0,0,0,3
0,1,0,1,150,145,145,145,0,0,0,0,3
0,1,0,1,150,145,145,145,0,0,0,0,3
0,1,0,1,150,145,145,145,0,0,0,0,3
0,1,0,1,150,145,145,145,0,0,0,0,3
0,1,0,1,150,145,145,145,0,0,0,0,3
0,1,0,1,150,145,145,145,0,0,0,0,3
0,1,0,1,150,144,144,144,0,0,0,0,3
0,1,0,1,150,144,144,144,0,0,0,0,3
0,1,0,1,150,144,144,144,0,0,0,0,3
0,1,0,1,150,144,144,144,0,0,0,0,3
0,1,0,1,150,144,144,144,0,0,0,0,3
0,1,0,1,150,144,144,144,0,0,0,0,3
0,1,0,1,150,144,144,144,0,0,0,0,3
0,1,0,1,150,144,144,144,0,0,0,0,3
0,1,0,1,150,144,144,144,0,0,0,0,3
0,1,0,1,150,144,144,144,0,0,0,0,3
0,1,0,1,150,144,144,144,0,0,0,0,3
0,1,0,1,150,144,144,144,0,0,0,0,3
0,1,0,1,150,144,144,144,0,0,0,0,3
0,1,0,1,150,144,144,144,0,0,0,0,3
0,1,0,1,150,144,144,144,0,0,0,0,3
0,1,0,1,150,144,144,144,0,0,0,0,3
0,1,0,1,150,144,144,144,0,0,0,0,3
0,1,0,1,150,144,144,144,0,0,0,0,3
0,1,0,1,150,144,144,144,0,0,0,0,3
0,1,0,1,150,144,144,144,0,0,0,0,3
0,1,0,1,150,144,144,144,0,0,0,0,3
0,1,0,1,150,144,144,144,0,0,0,0,3
0,1,0,1,150,144,144,144,0,0,0,0,3
0,1,0,1,150,144,144,144,0,0,0,0,3
0,1,0,1,150,144,144,144,0,0,0,0,3
0,1,0,1,150,144,144,144,0,0,0,0,3
0,1,0,1,150,144,144,144,0,0,0,0,3
0,1,0,1,150,144,144,144,0,0,0,0,3
0,1,0,1,150,144,144,144,0,0,0,0,3
0,1,0,1,150,144,144,144,0,0,0,0,3
0,1,0,1,150,144,144,144,0,0,0,0,3
0,1,0,1,150,144,144,144,0,0,0,0,3
0,1,0,1,150,144,144,144,0,0,0,0,3
0,1,0,1,150,143,143,143,0,0,0,0,3
0,1,0,2,150,143,143,143,0,0,0,0,3
0,1,0,2,150,143,143,143,0,0,0,0,3
0,1,0,2,150,143,143,143,0,0,0,0,3
0,1,0,2,150,143,143,143,0,0,0,0,3
0,1,0,2,150,143,143,143,0,0,0,0,3
0,1,0,2,150,143,143,143,0,0,0,0,3
0,1,0,2,150,143,143,143,0,0,0,0,3
0,1,0,2,150,143,143,143,0,0,0,0,3
0,1,0,2,150,143,143,143,0,0,0,0,3
0,1,0,2,150,143,143,143,0,0,0,0,3
0,1,0,2,150,143,143,143,0,0,0,0,3
0,1,0,2,150,143,143,143,0,0,0,0,3
0,1,0,2,150,143,143,143,0,0,0,0,3
0,1,0,2,150,143,143,143,0,0,0,0,3
0,1,0,2,150,143,143,143,0,0,0,0,3
0,1,0,2,150,143,143,143,0,0,0,0,3
0,1,0,2,150,143,143,143,0,0,0,0,3
0,1,0,2,150,143,143,143,0,0,0,0,3
0,1,0,2,150,143,143,143,0,0,0,0,3
0,1,0,2,150,143,143,143,0,0,0,0,3
0,1,0,2,150,143,143,143,0,0,0,0,3
0,1,0,2,150,143,143,143,0,0,0,0,3
0,1,0,2,150,143,143,143,0,0,0,0,3
0,1,0,2,150,143,143,143,0,0,0,0,3
0,1,0,2,150,143,143,143,0,0,0,0,3
0,1,0,2,150,143,143,143,0,0,0,0,3
0,1,0,2,150,143,143,143,0,0,0,0,3
0,1,0,2,150,143,143,143,0,0,0,0,3
0,1,0,2,150,143,143,143,0,0,0,0,3
0,1,0,2,150,143,143,143,0,0,0,0,3
0,1,0,2,150,142,142,142,0,0,0,0,3
0,1,0,2,150,142,142,142,0,0,0,0,3
0,1,0,2,150,142,142,142,0,0,0,0,3
0,1,0,2,150,142,142,142,0,0,0,0,3
0,1,0,2,150,142,142,142,0,0,0,0,3
0,1,0,2,150,142,142,142,0,0,0,0,3
0,1,0,2,150,142,142,142,0,0,0,0,3
0,1,0,2,150,142,142,142,0,0,0,0,3
0,1,0,2,150,142,142,142,0,0,0,0,3
0,1,0,2,150,142,142,142,0,0,0,0,3
0,1,0,2,150,142,142,142,0,0,0,0,3
0,1,0,2,150,142,142,142,0,0,0,0,3
0,1,0,2,150,142,142,142,0,0,0,0,3
0,1,0,2,150,142,142,142,0,0,0,0,3
0,1,0,2,150,142,142,142,0,0,0,0,3
0,1,0,2,150,142,142,142,0,0,0,0,3
0,1,0,2,150,142,142,142,0,0,0,0,3
0,1,0,2,150,142,142,142,0,0,0,0,3
0,1,0,2,150,142,142,142,0,0,0,0,3
0,1,0,2,150,142,142,142,0,0,0,0,3
0,1,0,2,150,142,142,142,0,0,0,0,3
0,1,0,2,150,142,142,142,0,0,0,0,3
0,1,0,2,150,142,142,142,0,0,0,0,3
0,1,0,2,150,142,142,142,0,0,0,0,3
0,1,0,2,150,142,142,142,0,0,0,0,3
0,1,0,2,150,142,142,142,0,0,0,0,3
0,1,0,2,150,142,142,142,0,0,0,0,3
0,1,0,2,150,142,142,142,0,0,0,0,3
0,1,0,2,150,142,142,142,0,0,0,0,3
0,1,0,2,150,142,142,142,0,0,0,0,3
0,1,0,2,150,142,142,142,0,0,0,0,3
0,1,0,2,150,142,142,142,0,0,0,0,3
0,1,0,2,150,142,142,142,0,0,0,0,3
0,1,0,2,150,141,141,141,0,0,0,0,3
0,1,0,2,150,141,141,141,0,0,0,0,3
0,1,0,2,150,141,141,141,0,0,0,0,3
0,1,0,2,150,141,141,141,0,0,0,0,3
0,1,0,2,150,141,141,141,0,0,0,0,3
0,1,0,2,150,141,141,141,0,0,0,0,3
0,1,0,2,150,141,141,141,0,0,0,0,3
0,1,0,2,150,141,141,141,0,0,0,0,3
0,1,0,2,150,141,141,141,0,0,0,0,3
0,1,0,2,150,141,141,141,0,0,0,0,3
0,1,0,2,150,141,141,141,0,0,0,0,3
0,1,0,2,150,141,141,141,0,0,0,0,3
0,1,0,2,150,141,141,141,0,0,0,0,3
0,1,0,2,150,141,141,141,0,0,0,0,3
0,1,0,2,150,141,141,141,0,0,0,0,3
0,1,0,2,150,141,141,141,0,0,0,0,3
0,1,0,2,150,141,141,141,0,0,0,0,3
0,1,0,2,150,141,141,141,0,0,0,0,3
0,1,0,2,150,141,141,141,0,0,0,0,3
0,1,0,2,150,141,141,141,0,0,0,0,3
0,1,0,2,150,141,141,141,0,0,0,0,3
0,1,0,2,150,141,141,141,0,0,0,0,3
0,1,0,2,150,141,141,141,0,0,0,0,3
0,1,0,2,150,141,141,141,0,0,0,0,3
0,1,0,2,150,141,141,141,0,0,0,0,3
0,1,0,2,150,141,141,141,0,0,0,0,3
0,1,0,2,150,141,141,141,0,0,0,0,3
0,1,0,2,150,141,141,141,0,0,0,0,3
0,1,0,2,150,141,141,141,0,0,0,0,3
0,1,0,2,150,141,141,141,0,0,0,0,3
0,1,0,2,150,141,141,141,0,0,0,0,3
0,1,0,2,150,141,141,141,0,0,0,0,3
0,1,0,2,150,141,141,141,0,0,0,0,3
0,1,0,2,150,140,140,140,0,0,0,0,3
0,1,0,2,150,140,140,140,0,0,0,0,3
0,1,1,2,150,140,140,140,0,0,0,0,3
0,1,1,2,150,140,140,140,0,0,0,0,3
0,1,1,2,150,140,140,140,0,0,0,0,3
0,1,1,2,150,140,140,140,0,0,0,0,3
0,1,1,2,150,140,140,140,0,0,0,0,3
0,1,1,2,150,140,140,140,0,0,0,0,3
0,1,1,2,150,140,140,140,0,0,0,0,3
0,1,1,2,150,140,140,140,0,0,0,0,3
0,1,1,2,150,140,140,140,0,0,0,0,3
0,1,1,2,150,140,140,140,0,0,0,0,3
0,1,1,2,150,140,140,140,0,0,0,0,3
0,1,1,2,150,140,140,140,0,0,0,0,3
0,1,1,2,150,140,140,140,0,0,0,0,3
0,1,1,2,150,140,140,140,0,0,0,0,3
0,1,1,2,150,140,140,140,0,0,0,0,3
0,1,1,2,150,140,140,140,0,0,0,0,3
0,1,1,2,150,140,140,140,0,0,0,0,3
0,1,1,2,150,140,140,140,0,0,0,0,3
0,1,1,2,150,140,140,140,0,0,0,0,3
0,1,1,2,150,140,140,140,0,0,0,0,3
0,1,1,2,150,140,140,140,0,0,0,0,3
0,1,1,2,150,140,140,140,0,0,0,0,3
0,1,1,2,150,140,140,140,0,0,0,0,3
0,1,1,2,150,140,140,140,0,0,0,0,3
0,1,1,2,150,140,140,140,0,0,0,0,3
0,1,1,2,150,140,140,140,0,0,0,0,3
0,1,1,2,150,140,140,140,0,0,0,0,3
0,1,1,2,150,140,140,140,0,0,0,0,3
0,1,1,2,150,140,140,140,0,0,0,0,3
0,1,1,2,150,139,139,139,0,0,0,0,3
0,1,1,2,150,139,139,139,0,0,0,0,3
0,1,1,2,150,139,139,139,0,0,0,0,3
0,1,1,2,150,139,139,139,0,0,0,0,3
0,1,1,2,150,139,139,139,0,0,0,0,3
0,1,1,2,150,139,139,139,0,0,0,0,3
0,1,1,2,150,139,139,139,0,0,0,0,3
0,1,1,2,150,139,139,139,0,0,0,0,3
0,1,1,2,150,139,139,139,0,0,0,0,3
0,1,1,2,150,139,139,139,0,0,0,0,3
0,1,1,2,150,139,139,139,0,0,0,0,3
0,1,1,2,150,139,139,139,0,0,0,0,3
0,1,1,2,150,139,139,139,0,0,0,0,3
0,1,1,2,150,139,139,139,0,0,0,0,3
0,1,1,2,150,139,139,139,0,0,0,0,3
0,1,1,2,150,139,139,139,0,0,0,0,3
0,1,1,2,150,139,139,139,0,0,0,0,3
0,1,1,2,150,139,139,139,0,0,0,0,3
0,1,1,2,150,139,139,139,0,0,0,0,3
0,1,1,2,150,139,139,139,0,0,0,0,3
0,1,1,2,150,139,139,139,0,0,0,0,3
0,1,1,2,150,139,139,139,0,0,0,0,3
0,1,1,2,150,139,139,139,0,0,0,0,3
0,1,1,2,150,139,139,139,0,0,0,0,3
0,1,1,2,150,139,139,139,0,0,0,0,3
0,1,1,2,150,139,139,139,0,0,0,0,3
0,1,1,2,150,139,139,139,0,0,0,0,3
0,1,1,2,150,139,139,139,0,0,0,0,3
0,1,1,2,150,139,139,139,0,0,0,0,3
0,1,1,2,150,139,139,139,0,0,0,0,3
0,1,1,2,150,139,139,139,0,0,0,0,3
0,1,1,2,150,139,139,139,0,0,0,0,3
0,1,1,2,150,139,139,139,0,0,0,0,3
0,1,1,2,150,138,138,138,0,0,0,0,3
0,1,1,2,150,138,138,138,0,0,0,0,3
0,1,1,2,150,138,138,138,0,0,0,0,3
0,1,1,2,150,138,138,138,0,0,0,0,3
0,1,1,2,150,138,138,138,0,0,0,0,3
0,1,1,2,150,138,138,138,0,0,0,0,3
0,1,1,2,150,138,138,138,0,0,0,0,3
0,1,1,2,150,138,138,138,0,0,0,0,3
0,1,1,2,150,138,138,138,0,0,0,0,3
0,1,1,2,150,138,138,138,0,0,0,0,3
0,1,1,2,150,138,138,138,0,0,0,0,3
0,1,1,2,150,138,138,138,0,0,0,0,3
0,1,1,2,150,138,138,138,0,0,0,0,3
0,1,1,2,150,138,138,138,0,0,0,0,3
0,1,1,2,150,138,138,138,0,0,0,0,3
0,1,1,2,150,138,138,138,0,0,0,0,3
0,1,1,2,150,138,138,138,0,0,0,0,3
0,1,1,2,150,138,138,138,0,0,0,0,3
0,1,1,2,150,138,138,138,0,0,0,0,3
0,1,1,2,150,138,138,138,0,0,0,0,3
0,1,1,2,150,138,138,138,0,0,0,0,3
0,1,1,2,150,138,138,138,0,0,0,0,3
0,1,1,2,150,138,138,138,0,0,0,0,3
0,1,1,2,150,138,138,138,0,0,0,0,3
0,1,1,2,150,138,138,138,0,0,0,0,3
0,1,1,2,150,138,138,138,0,0,0,0,3
0,1,1,2,150,138,138,138,0,0,0,0,3
0,1,1,2,150,138,138,138,0,0,0,0,3
0,1,1,2,150,138,138,138,0,0,0,0,3
0,1,1,2,150,138,138,138,0,0,0,0,3
0,1,1,2,150,138,138,138,0,0,0,0,3
0,1,1,2,150,138,138,138,0,0,0,0,3
0,1,1,2,150,137,137,137,0,0,0,0,3
0,1,2,2,150,137,137,137,0,0,0,0,3
0,1,2,2,150,137,137,137,0,0,0,0,3
0,1,2,2,150,137,137,137,0,0,0,0,3
0,1,2,2,150,137,137,137,0,0,0,0,3
0,1,2,2,150,137,137,137,0,0,0,0,3
0,1,2,2,150,137,137,137,0,0,0,0,3
0,1,2,2,150,137,137,137,0,0,0,0,3
0,1,2,2,150,137,137,137,0,0,0,0,3
0,1,2,2,150,137,137,137,0,0,0,0,3
0,1,2,2,150,137,137,137,0,0,0,0,3
0,1,2,2,150,137,137,137,0,0,0,0,3
0,1,2,2,150,137,137,137,0,0,0,0,3
0,1,2,2,150,137,137,137,0,0,0,0,3
0,1,2,2,150,137,137,137,0,0,0,0,3
0,1,2,2,150,137,137,137,0,0,0,0,3
0,1,2,2,150,137,137,137,0,0,0,0,3
0,1,2,2,150,137,137,137,0,0,0,0,3
0,1,2,2,150,137,137,137,0,0,0,0,3
0,1,2,2,150,137,137,137,0,0,0,0,3
0,1,2,2,150,137,137,137,0,0,0,0,3
0,1,2,2,150,137,137,137,0,0,0,0,3
0,1,2,2,150,137,137,137,0,0,0,0,3
0,1,2,2,150,137,137,137,0,0,0,0,3
0,1,2,2,150,137,137,137,0,0,0,0,3
0,1,2,2,150,137,137,137,0,0,0,0,3
0,1,2,2,150,137,137,137,0,0,0,0,3
0,1,2,2,150,137,137,137,0,0,0,0,3
0,1,2,2,150,137,137,137,0,0,0,0,3
0,1,2,2,150,137,137,137,0,0,0,0,3
0,1,2,2,150,137,137,137,0,0,0,0,3
0,1,2,2,150,137,137,137,0,0,0,0,3
0,1,2,2,150,137,137,137,0,0,0,0,3
0,1,2,2,150,136,136,136,0,0,0,0,3
0,1,2,2,150,136,136,136,0,0,0,0,3
0,1,2,2,150,136,136,136,0,0,0,0,3
0,1,2,2,150,136,136,136,0,0,0,0,3
0,1,2,2,150,136,136,136,0,0,0,0,3
0,1,2,2,150,136,136,136,0,0,0,0,3
0,1,2,2,150,136,136,136,0,0,0,0,3
0,1,2,2,150,136,136,136,0,0,0,0,3
0,1,2,2,150,136,136,136,0,0,0,0,3
0,1,2,2,150,136,136,136,0,0,0,0,3
0,1,2,2,150,136,136,136,0,0,0,0,3
0,1,2,2,150,136,136,136,0,0,0,0,3
0,1,2,2,150,136,136,136,0,0,0,0,3
0,1,2,2,150,136,136,136,0,0,0,0,3
0,1,2,2,150,136,136,136,0,0,0,0,3
0,1,2,2,150,136,136,136,0,0,0,0,3
0,1,2,2,150,136,136,136,0,0,0,0,3
0,1,2,2,150,136,136,136,0,0,0,0,3
0,1,2,2,150,136,136,136,0,0,0,0,3
0,1,2,2,150,136,136,136,0,0,0,0,3
0,1,2,2,150,136,136,136,0,0,0,0,3
0,1,2,2,150,136,136,136,0,0,0,0,3
0,1,2,2,150,136,136,136,0,0,0,0,3
0,1,2,2,150,136,136,136,0,0,0,0,3
0,1,2,2,150,136,136,136,0,0,0,0,3
0,1,2,2,150,136,136,136,0,0,0,0,3
0,1,2,2,150,136,136,136,0,0,0,0,3
0,1,2,2,150,136,136,136,0,0,0,0,3
0,1,2,2,150,136,136,136,0,0,0,0,3
0,1,2,2,150,136,136,136,0,0,0,0,3
0,1,2,2,150,136,136,136,0,0,0,0,3
0,1,2,2,150,136,136,136,0,0,0,0,3
0,1,2,2,150,135,135,135,0,0,0,0,3
0,1,2,2,150,135,135,135,0,0,0,0,3
0,1,2,2,150,135,135,135,0,0,0,0,3
0,1,2,2,150,135,135,135,0,0,0,0,3
0,1,2,2,150,135,135,135,0,0,0,0,3
0,1,2,2,150,135,135,135,0,0,0,0,3
0,1,2,2,150,135,135,135,0,0,0,0,3
0,1,2,2,150,135,135,135,0,0,0,0,3
0,1,2,2,150,135,135,135,0,0,0,0,3
0,1,2,2,150,135,135,135,0,0,0,0,3
0,1,2,2,150,135,135,135,0,0,0,0,3
0,1,2,2,150,135,135,135,0,0,0,0,3
0,1,2,2,150,135,135,135,0,0,0,0,3
0,1,2,2,150,135,135,135,0,0,0,0,3
0,1,2,2,150,135,135,135,0,0,0,0,3
0,1,2,2,150,135,135,135,0,0,0,0,3
0,1,2,2,150,135,135,135,0,0,0,0,3
0,1,2,2,150,135,135,135,0,0,0,0,3
0,1,2,2,150,135,135,135,0,0,0,0,3
0,1,2,2,150,135,135,135,0,0,0,0,3
0,1,2,2,150,135,135,135,0,0,0,0,3
0,1,2,2,150,135,135,135,0,0,0,0,3
0,1,2,2,150,135,135,135,0,0,0,0,3
0,1,2,2,150,135,135,135,0,0,0,0,3
0,1,2,2,150,135,135,135,0,0,0,0,3
0,1,2,2,150,135,135,135,0,0,0,0,3
0,1,2,2,150,135,135,135,0,0,0,0,3
0,1,2,2,150,135,135,135,0,0,0,0,3
0,1,2,2,150,135,135,135,0,0,0,0,3
0,1,2,2,150,135,135,135,0,0,0,0,3
0,1,2,2,150,135,135,135,0,0,0,0,3
0,1,2,2,150,135,135,135,0,0,0,0,3
0,1,2,2,150,135,135,135,0,0,0,0,3
1,1,2,2,149,135,21,134,0,0,0,0,3
1,1,2,2,149,135,21,134,0,0,0,0,3
1,1,2,2,149,135,21,134,0,0,0,0,3
1,1,2,2,149,135,21,134,0,0,0,0,3
1,1,2,2,149,135,21,134,0,1,0,0,3
1,1,2,2,149,135,21,134,0,1,0,0,3
1,1,2,2,149,135,21,134,0,1,0,0,3
1,1,2,2,149,135,21,134,0,1,0,0,3
1,1,2,2,149,135,21,134,0,1,0,0,3
1,1,2,2,149,135,21,134,0,1,0,0,3
1,1,2,2,149,135,21,134,0,1,0,0,3
1,1,2,2,149,135,21,134,0,1,0,0,3
1,1,2,2,149,135,21,134,0,1,0,0,3
1,1,2,2,149,135,21,134,0,1,0,0,3
1,1,2,2,149,135,21,134,0,1,0,0,3
1,1,2,2,149,135,21,134,0,1,0,0,3
1,1,2,2,149,135,21,134,0,1,0,0,3
1,1,2,2,149,135,21,134,0,1,0,0,3
1,1,2,2,149,135,21,134,0,1,0,0,3
1,1,2,2,149,135,21,134,0,1,0,0,3
1,1,2,2,149,135,21,134,0,1,0,0,3
1,1,2,2,149,135,21,134,0,1,0,0,3
1,1,2,2,149,135,21,134,0,1,0,0,3
1,1,2,2,149,135,21,134,0,1,0,0,3
1,1,2,2,149,135,21,134,0,1,0,0,3
1,1,2,2,149,135,21,134,0,1,0,0,3
1,1,2,2,149,135,21,134,0,1,0,0,3
1,1,2,2,149,135,21,134,0,1,0,0,3
1,1,2,2,149,135,21,134,0,1,0,0,3
1,1,2,2,149,135,21,134,0,1,0,0,3
1,1,2,2,149,135,21,134,0,1,0,0,3
1,1,2,2,148,135,20,133,0,1,0,0,3
1,1,2,2,148,135,20,133,0,1,0,0,3
1,1,2,2,148,135,20,133,0,1,0,0,3
1,1,2,2,148,135,20,133,0,1,0,0,3
1,1,2,2,148,135,20,133,0,1,0,0,3
1,1,2,2,148,135,20,133,0,1,0,0,3
1,1,2,2,148,135,20,133,0,1,0,0,3
1,1,2,2,148,135,20,133,0,1,0,0,3
1,1,2,2,148,135,20,133,0,1,0,0,3
1,1,2,2,148,135,20,133,0,1,0,0,3
1,1,2,2,148,135,20,133,0,1,0,0,3
1,1,2,2,148,135,20,133,0,1,0,0,3
1,1,2,2,148,135,20,133,0,1,0,0,3
1,1,2,2,148,135,20,133,0,1,0,0,3
1,1,2,2,148,135,20,133,0,1,0,0,3
1,1,2,2,148,135,20,133,0,1,0,0,3
1,1,2,2,148,135,20,133,0,1,0,0,3
1,1,2,2,148,135,20,133,0,1,0,0,3
1,1,2,2,148,135,20,133,0,1,0,0,3
1,1,2,2,148,135,20,133,0,1,0,0,3
1,1,2,2,148,135,20,133,0,1,0,0,3
1,1,2,2,148,135,20,133,0,1,0,0,3
1,1,2,2,148,135,20,133,0,1,0,0,3
1,1,2,2,148,135,20,133,0,1,0,0,3
1,1,2,2,148,135,20,133,0,1,0,0,3
1,1,2,2,148,135,20,133,0,1,0,0,3
1,1,2,2,148,135,20,133,0,1,0,0,3
1,1,2,2,148,135,20,133,0,1,0,0,3
1,1,2,2,148,135,20,133,0,1,0,0,3
1,1,2,2,148,135,20,133,0,1,0,0,3
1,1,2,2,147,135,19,132,0,1,0,0,3
1,1,2,2,147,135,19,132,0,1,0,0,3
1,1,2,2,147,135,19,132,0,1,0,0,3
1,1,2,2,147,135,19,132,0,1,0,0,3
1,1,2,2,147,135,19,132,0,1,0,0,3
1,1,2,2,147,135,19,132,0,1,0,0,3
1,1,2,2,147,135,19,132,0,1,0,0,3
1,1,2,2,147,135,19,132,0,1,0,0,3
1,1,2,2,147,135,19,132,0,1,0,0,3
1,1,2,2,147,135,19,132,0,1,0,0,3
1,1,2,2,147,135,19,132,0,1,0,0,3
1,1,2,2,147,135,19,132,0,1,0,0,3
1,1,2,2,147,135,19,132,0,1,0,0,3
1,1,2,2,147,135,19,132,0,1,0,0,3
1,1,2,2,147,135,19,132,0,1,0,0,3
1,1,2,2,147,135,19,132,0,1,0,0,3
1,1,2,2,147,135,19,132,0,1,0,0,3
1,1,2,2,147,135,19,132,0,1,0,0,3
1,1,2,2,147,135,19,132,0,1,0,0,3
1,1,2,2,147,135,19,132,0,1,0,0,3
1,1,2,2,147,135,19,132,0,1,0,0,3
1,1,2,2,147,135,19,132,0,1,0,0,3
1,1,2,2,147,135,19,132,0,1,0,0,3
1,1,2,2,147,135,19,132,0,1,0,0,3
1,1,2,2,147,135,19,132,0,1,0,0,3
1,1,2,2,147,135,19,132,0,1,0,0,3
1,1,2,2,147,135,19,132,0,1,0,0,3
1,1,2,2,146,135,18,131,0,1,0,0,3
1,2,2,2,146,135,18,131,0,1,0,0,3
1,2,2,2,146,135,18,131,0,1,0,0,3
1,2,2,2,146,135,18,131,0,1,0,0,3
1,2,2,2,146,135,18,131,0,1,0,0,3
1,2,2,2,146,135,18,131,0,1,0,0,3
1,2,2,2,146,135,18,131,0,1,0,0,3
1,2,2,2,146,135,18,131,0,1,0,0,3
1,2,2,2,146,135,18,131,0,1,0,0,3
1,2,2,2,146,135,18,131,0,1,0,0,3
1,2,2,2,146,135,18,131,0,1,0,0,3
1,2,2,2,146,135,18,131,0,1,0,0,3
1,2,2,2,146,135,18,131,0,1,0,0,3
1,2,2,2,146,135,18,131,0,1,0,0,3
1,2,2,2,146,135,18,131,0,1,0,0,3
1,2,2,2,146,135,18,131,0,1,0,0,3
1,2,2,2,146,135,18,131,0,1,0,0,3
1,2,2,2,146,135,18,131,0,1,0,0,3
1,2,2,2,146,135,18,131,0,1,0,0,3
1,2,2,2,146,135,18,131,0,1,0,0,3
1,2,2,2,146,135,18,131,0,1,0,0,3
1,2,2,2,146,135,18,131,0,1,0,0,3
1,2,2,2,146,135,18,131,0,1,0,0,3
1,2,2,2,146,135,18,131,0,1,0,0,3
1,2,2,2,146,135,18,131,0,1,0,0,3
1,2,2,2,146,135,18,131,0,1,0,0,3
1,2,2,2,146,135,18,131,0,1,0,0,3
1,2,2,2,146,135,18,131,0,1,0,0,3
1,2,2,2,146,135,18,131,0,1,0,0,3
1,2,2,2,146,135,18,131,0,1,0,0,3
1,2,2,2,146,135,18,131,0,1,0,0,3
1,2,2,2,146,135,18,131,0,1,0,0,3
1,2,2,2,145,135,17,130,0,1,0,0,3
1,2,2,2,145,135,17,130,0,1,0,0,3
1,2,2,2,145,135,17,130,0,1,0,0,3
1,2,2,2,145,135,17,130,0,1,0,0,3
1,2,2,2,145,135,17,130,0,1,0,0,3
1,2,2,2,145,135,17,130,0,1,0,0,3
1,2,2,2,145,135,17,130,0,1,0,0,3
1,2,2,2,145,135,17,130,0,1,0,0,3
1,2,2,2,145,135,17,130,0,1,0,0,3
1,2,2,2,145,135,17,130,0,1,0,0,3
1,2,2,2,145,135,17,130,0,1,0,0,3
1,2,2,2,145,135,17,130,0,1,0,0,3
1,2,2,2,145,135,17,130,0,1,0,0,3
1,2,2,2,145,135,17,130,0,1,0,0,3
1,2,2,2,145,135,17,130,0,1,0,0,3
1,2,2,2,145,135,17,130,0,1,0,0,3
1,2,2,2,145,135,17,130,0,1,0,0,3
1,2,2,2,145,135,17,130,0,1,0,0,3
1,2,2,2,145,135,17,130,0,1,0,0,3
1,2,2,2,145,135,17,130,0,1,0,0,3
1,2,2,2,145,135,17,130,0,1,0,0,3
1,2,2,2,145,135,17,130,0,1,0,0,3
1,2,2,2,145,135,17,130,0,1,0,0,3
1,2,2,2,145,135,17,130,0,1,0,0,3
1,2,2,2,145,135,17,130,0,1,0,0,3
1,2,2,2,145,135,17,130,0,1,0,0,3
1,2,2,2,145,135,17,130,0,1,0,0,3
1,2,2,2,145,135,17,130,0,1,0,0,3
1,2,2,2,145,135,17,130,0,1,0,0,3
1,2,2,2,145,135,17,130,0,1,0,0,3
1,2,2,2,145,135,17,130,0,1,0,0,3
1,2,2,2,145,135,17,130,0,1,0,0,3
1,2,2,2,145,135,17,130,0,1,0,0,3
1,2,2,2,144,135,16,129,0,1,0,0,3
1,2,2,2,144,135,16,129,0,1,0,0,3
1,2,2,2,144,135,16,129,0,1,0,0,3
1,2,2,2,144,135,16,129,0,1,0,0,3
1,2,2,2,144,135,16,129,0,1,0,0,3
1,2,2,2,144,135,16,129,0,1,0,0,3
1,2,2,2,144,135,16,129,0,1,0,0,3
1,2,2,2,144,135,16,129,0,1,0,0,3
1,2,2,2,144,135,16,129,0,1,0,0,3
1,2,2,2,144,135,16,129,0,1,0,0,3
1,2,2,2,144,135,16,129,0,1,0,0,3
1,2,2,2,144,135,16,129,0,1,0,0,3
1,2,2,2,144,135,16,129,0,1,0,0,3
1,2,2,2,144,135,16,129,0,1,0,0,3
1,2,2,2,144,135,16,129,0,1,0,0,3
1,2,2,2,144,135,16,129,0,1,0,0,3
1,2,2,2,144,135,16,129,0,1,0,0,3
1,2,2,2,144,135,16,129,0,1,0,0,3
1,2,2,2,144,135,16,129,0,1,0,0,3
1,2,2,2,144,135,16,129,0,1,0,0,3
1,2,2,2,144,135,16,129,0,1,0,0,3
1,2,2,2,144,135,16,129,0,1,0,0,3
1,2,2,2,144,135,16,129,0,1,0,0,3
1,2,2,2,144,135,16,129,0,1,0,0,3
1,2,2,2,144,135,16,129,0,1,0,0,3
1,2,2,2,144,135,16,129,0,1,0,0,3
1,2,2,2,144,135,16,129,0,1,0,0,3
1,2,2,2,144,135,16,129,0,1,0,0,3
1,2,2,2,144,135,16,129,0,1,0,0,3
1,2,2,2,144,135,16,129,0,1,0,0,3
1,2,2,2,144,135,16,129,0,1,0,0,3
1,2,2,2,144,135,16,129,0,1,0,0,3
1,2,2,3,143,135,15,128,0,1,0,0,3
1,2,2,3,143,135,15,128,0,1,0,0,3
1,2,2,3,143,135,15,128,0,1,0,0,3
1,2,2,3,143,135,15,128,0,1,0,0,3
1,2,2,3,143,135,15,128,0,1,0,0,3
1,2,2,3,143,135,15,128,0,1,0,0,3
1,2,2,3,143,135,15,128,0,1,0,0,3
1,2,2,3,143,135,15,128,0,1,0,0,3
1,2,2,3,143,135,15,128,0,1,0,0,3
1,2,2,3,143,135,15,128,0,1,0,0,3
1,2,2,3,143,135,15,128,0,1,0,0,3
1,2,2,3,143,135,15,128,0,1,0,0,3
1,2,2,3,143,135,15,128,0,1,0,0,3
1,2,2,3,143,135,15,128,0,1,0,0,3
1,2,2,3,143,135,15,128,0,1,0,0,3
1,2,2,3,143,135,15,128,0,1,0,0,3
1,2,2,3,143,135,15,128,0,1,0,0,3
1,2,2,3,143,135,15,128,0,2,0,0,3
1,2,2,3,143,135,15,128,0,2,0,0,3
1,2,2,3,143,135,15,128,0,2,0,0,3
1,2,2,3,143,135,15,128,0,2,0,0,3
1,2,2,3,143,135,15,128,0,2,0,0,3
1,2,2,3,143,135,15,128,0,2,0,0,3
1,2,2,3,143,135,15,128,0,2,0,0,3
1,2,2,3,143,135,15,128,0,2,0,0,3
1,2,2,3,143,135,15,128,0,2,0,0,3
1,2,2,3,143,135,15,128,0,2,0,0,3
1,2,2,3,143,135,15,128,0,2,0,0,3
1,2,2,3,143,135,15,128,0,2,0,0,3
1,2,2,3,143,135,15,128,0,2,0,0,3
1,2,2,3,143,135,15,128,0,2,0,0,3
1,2,2,3,143,135,15,128,0,2,0,0,3
1,2,2,3,142,135,14,127,0,2,0,0,3
1,2,2,3,142,135,14,127,0,2,0,0,3
1,2,2,3,142,135,14,127,0,2,0,0,3
1,2,2,3,142,135,14,127,0,2,0,0,3
1,2,2,3,142,135,14,127,0,2,0,0,3
1,2,2,3,142,135,14,127,0,2,0,0,3
1,2,2,3,142,135,14,127,0,2,0,0,3
1,2,2,3,142,135,14,127,0,2,0,0,3
1,2,2,3,142,135,14,127,0,2,0,0,3
1,2,2,3,142,135,14,127,0,2,0,0,3
1,2,2,3,142,135,14,127,0,2,0,0,3
1,2,2,3,142,135,14,127,0,2,0,0,3
1,2,2,3,142,135,14,127,0,2,0,0,3
1,2,2,3,142,135,14,127,0,2,0,0,3
1,2,2,3,142,135,14,127,0,2,0,0,3
1,2,2,3,142,135,14,127,0,2,0,0,3
1,2,2,3,142,135,14,127,0,2,0,0,3
1,2,2,3,142,135,14,127,0,2,0,0,3
1,2,2,3,142,135,14,127,0,2,0,0,3
1,2,2,3,142,135,14,127,0,2,0,0,3
1,2,2,3,142,135,14,127,0,2,0,0,3
1,2,2,3,142,135,14,127,0,2,0,0,3
1,2,2,3,142,135,14,127,0,2,0,0,3
1,2,2,3,142,135,14,127,0,2,0,0,3
1,2,2,3,142,135,14,127,0,2,0,0,3
1,2,2,3,142,135,14,127,0,2,0,0,3
1,2,2,3,142,135,14,127,0,2,0,0,3
1,2,2,3,142,135,14,127,0,2,0,0,3
1,2,2,3,142,135,14,127,0,2,0,0,3
1,2,2,3,142,135,14,127,0,2,0,0,3
1,2,2,3,142,135,14,127,0,2,0,0,3
1,2,2,3,142,135,14,127,0,2,0,0,3
1,2,2,3,141,135,13,126,0,2,0,0,3
1,2,2,3,141,135,13,126,0,2,0,0,3
1,2,2,3,141,135,13,126,0,2,0,0,3
1,2,2,3,141,135,13,126,0,2,0,0,3
1,2,2,3,141,135,13,126,0,2,0,0,3
1,2,2,3,141,135,13,126,0,2,0,0,3
1,2,2,3,141,135,13,126,0,2,0,0,3
1,2,2,3,141,135,13,126,0,2,0,0,3
1,2,2,3,141,135,13,126,0,2,0,0,3
1,2,2,3,141,135,13,126,0,2,0,0,3
1,2,2,3,141,135,13,126,0,2,0,0,3
1,2,2,3,141,135,13,126,0,2,0,0,3
1,2,2,3,141,135,13,126,0,2,0,0,3
1,2,2,3,141,135,13,126,0,2,0,0,3
1,2,2,3,141,135,13,126,0,2,0,0,3
1,2,2,3,141,135,13,126,0,2,0,0,3
1,2,2,3,141,135,13,126,0,2,0,0,3
1,2,2,3,141,135,13,126,0,2,0,0,3
1,2,2,3,141,135,13,126,0,2,0,0,3
1,2,2,3,141,135,13,126,0,2,0,0,3
1,2,2,3,141,135,13,126,0,2,0,0,3
1,2,2,3,141,135,13,126,0,2,0,0,3
1,2,2,3,141,135,13,126,0,2,0,0,3
1,2,2,3,141,135,13,126,0,2,0,0,3
1,2,2,3,141,135,13,126,0,2,0,0,3
1,2,2,3,141,135,13,126,0,2,0,0,3
1,2,2,3,141,135,13,126,0,2,0,0,3
1,2,2,3,141,135,13,126,0,2,0,0,3
1,2,2,3,141,135,13,126,0,2,0,0,3
1,2,2,3,141,135,13,126,0,2,0,0,3
1,2,2,3,141,135,13,126,0,2,0,0,3
1,2,2,3,141,135,13,126,0,2,0,0,3
1,2,2,3,141,135,13,126,0,2,0,0,3
1,2,2,4,140,135,12,125,0,2,0,0,3
1,2,2,4,140,135,12,125,0,2,0,0,3
1,2,2,4,140,135,12,125,0,2,0,0,3
1,2,2,4,140,135,12,125,0,2,0,0,3
1,2,2,4,140,135,12,125,0,2,0,0,3
1,2,2,4,140,135,12,125,0,2,0,0,3
1,2,2,4,140,135,12,125,0,2,0,0,3
1,2,2,4,140,135,12,125,0,2,0,0,3
1,2,2,4,140,135,12,125,0,2,0,0,3
1,2,2,4,140,135,12,125,0,2,0,0,3
1,2,2,4,140,135,12,125,0,2,0,0,3
1,2,2,4,140,135,12,125,0,2,0,0,3
1,2,2,4,140,135,12,125,0,2,0,0,3
1,2,2,4,140,135,12,125,0,2,0,0,3
1,2,2,4,140,135,12,125,0,2,0,0,3
1,2,2,4,140,135,12,125,0,2,0,0,3
1,2,2,4,140,135,12,125,0,2,0,0,3
1,2,2,4,140,135,12,125,0,2,0,0,3
1,2,2,4,140,135,12,125,0,2,0,0,3
1,2,2,4,140,135,12,125,0,2,0,0,3
1,2,2,4,140,135,12,125,0,2,0,0,3
1,2,2,4,140,135,12,125,0,2,0,0,3
1,2,2,4,140,135,12,125,0,2,0,0,3
1,2,2,4,140,135,12,125,0,2,0,0,3
1,2,2,4,140,135,12,125,0,2,0,0,3
1,2,2,4,140,135,12,125,0,2,0,0,3
1,2,2,4,140,135,12,125,0,2,0,0,3
1,2,2,4,140,135,12,125,0,2,0,0,3
1,2,2,4,140,135,12,125,0,2,0,0,3
1,2,2,4,140,135,12,125,0,2,0,0,3
1,2,2,4,140,135,12,125,0,2,0,0,3
1,2,2,4,140,135,12,125,0,2,0,0,3
1,2,2,4,139,135,11,124,0,2,0,0,3
1,2,2,4,139,135,11,124,0,2,0,0,3
1,2,2,4,139,135,11,124,0,2,0,0,3
1,2,2,4,139,135,11,124,0,2,0,0,3
1,2,2,4,139,135,11,124,0,2,0,0,3
1,2,2,4,139,135,11,124,0,2,0,0,3
1,2,2,4,139,135,11,124,0,2,0,0,3
1,2,2,4,139,135,11,124,0,2,0,0,3
1,2,2,4,139,135,11,124,0,2,0,0,3
1,2,2,4,139,135,11,124,0,2,0,0,3
1,2,2,4,139,135,11,124,0,2,0,0,3
1,2,2,4,139,135,11,124,0,2,0,0,3
1,2,2,4,139,135,11,124,0,2,0,0,3
1,2,2,4,139,135,11,124,0,2,0,0,3
1,2,2,4,139,135,11,124,0,2,0,0,3
1,2,2,4,139,135,11,124,0,2,0,0,3
1,2,2,4,139,135,11,124,0,2,0,0,3
1,2,2,4,139,135,11,124,0,2,0,0,3
1,2,2,4,139,135,11,124,0,2,0,0,3
1,2,2,4,139,135,11,124,0,2,0,0,3
1,2,2,4,139,135,11,124,0,2,0,0,3
1,2,2,4,139,135,11,124,0,2,0,0,3
1,2,2,4,139,135,11,124,0,2,0,0,3
1,2,2,4,139,135,11,124,0,2,0,0,3
1,2,2,4,139,135,11,124,0,2,0,0,3
1,2,2,4,139,135,11,124,0,2,0,0,3
1,2,2,4,139,135,11,124,0,2,0,0,3
1,2,2,4,139,135,11,124,0,2,0,0,3
1,2,2,4,139,135,11,124,0,2,0,0,3
1,2,2,4,139,135,11,124,0,2,0,0,3
1,2,2,4,138,135,10,123,0,2,0,0,3
1,2,2,4,138,135,10,123,0,2,0,0,3
1,2,2,4,138,135,10,123,0,2,0,0,3
1,2,2,4,138,135,10,123,0,2,0,0,3
1,2,2,4,138,135,10,123,0,2,0,0,3
1,2,2,4,138,135,10,123,0,2,0,0,3
1,2,2,4,138,135,10,123,0,2,0,0,3
1,2,2,4,138,135,10,123,0,2,0,0,3
1,2,2,4,138,135,10,123,0,2,0,0,3
1,2,2,4,138,135,10,123,0,2,0,0,3
1,2,2,4,138,135,10,123,0,2,0,0,3
1,2,2,4,138,135,10,123,0,2,0,0,3
1,2,2,4,138,135,10,123,0,2,0,0,3
1,2,2,4,138,135,10,123,0,2,0,0,3
1,2,2,4,138,135,10,123,0,2,0,0,3
1,2,2,4,138,135,10,123,0,2,0,0,3
1,2,2,4,138,135,10,123,0,2,0,0,3
1,2,2,4,138,135,10,123,0,2,0,0,3
1,2,2,4,138,135,10,123,0,2,0,0,3
1,2,2,4,138,135,10,123,0,2,0,0,3
1,2,2,4,138,135,10,123,0,2,0,0,3
1,2,2,4,138,135,10,123,0,2,0,0,3
1,2,2,4,138,135,10,123,0,2,0,0,3
1,2,2,4,138,135,10,123,0,2,0,0,3
1,2,2,4,138,135,10,123,0,2,0,0,3
1,2,2,4,138,135,10,123,0,2,0,0,3
1,2,2,4,138,135,10,123,0,2,0,0,3
1,2,2,4,138,135,10,123,0,2,0,0,3
1,2,2,4,138,135,10,123,0,2,0,0,3
1,2,2,4,138,135,10,123,0,2,0,0,3
1,3,2,4,137,135,9,122,0,2,0,0,3
1,3,2,4,137,135,9,122,0,2,0,0,3
1,3,2,4,137,135,9,122,0,2,0,0,3
1,3,2,4,137,135,9,122,0,2,0,0,3
1,3,2,4,137,135,9,122,0,2,0,0,3
1,3,2,4,137,135,9,122,0,2,0,0,3
1,3,2,4,137,135,9,122,0,2,0,0,3
1,3,2,4,137,135,9,122,0,2,0,0,3
1,3,2,4,137,135,9,122,0,2,0,0,3
1,3,2,4,137,135,9,122,0,2,0,0,3
1,3,2,4,137,135,9,122,0,2,0,0,3
1,3,2,4,137,135,9,122,0,2,0,0,3
1,3,2,4,137,135,9,122,0,2,0,0,3
1,3,2,4,137,135,9,122,0,2,0,0,3
1,3,2,4,137,135,9,122,0,2,0,0,3
1,3,2,4,137,135,9,122,0,2,0,0,3
1,3,2,4,137,135,9,122,0,2,0,0,3
1,3,2,4,137,135,9,122,0,2,0,0,3
1,3,2,4,137,135,9,122,0,2,0,0,3
1,3,2,4,137,135,9,122,0,2,0,0,3
1,3,2,4,137,135,9,122,0,2,0,0,3
1,3,2,4,137,135,9,122,0,2,0,0,3
1,3,2,4,137,135,9,122,0,2,0,0,3
1,3,2,4,137,135,9,122,0,2,0,0,3
1,3,2,4,137,135,9,122,0,2,0,0,3
1,3,2,4,137,135,9,122,0,2,0,0,3
1,3,2,4,136,135,8,121,0,2,0,0,3
1,3,2,4,136,135,8,121,0,2,0,0,3
1,3,2,4,136,135,8,121,0,2,0,0,3
1,3,2,4,136,135,8,121,0,2,0,0,3
1,3,2,4,136,135,8,121,0,2,0,0,3
1,3,2,4,136,135,8,121,0,2,0,0,3
1,3,2,4,136,135,8,121,0,2,0,0,3
1,3,2,4,136,135,8,121,0,2,0,0,3
1,3,2,4,136,135,8,121,0,2,0,0,3
1,3,2,4,136,135,8,121,0,2,0,0,3
1,3,2,4,136,135,8,121,0,2,0,0,3
1,3,2,4,136,135,8,121,0,2,0,0,3
1,3,2,4,136,135,8,121,0,2,0,0,3
1,3,2,4,136,135,8,121,0,2,0,0,3
1,3,2,4,136,135,8,121,0,2,0,0,3
1,3,2,4,136,135,8,121,0,2,0,0,3
1,3,2,4,136,135,8,121,0,2,0,0,3
1,3,2,4,136,135,8,121,0,2,0,0,3
1,3,2,4,136,135,8,121,0,2,0,0,3
1,3,2,4,136,135,8,121,0,2,0,0,3
1,3,2,4,136,135,8,121,0,2,0,0,3
1,3,2,4,136,135,8,121,0,2,0,0,3
1,3,2,4,136,135,8,121,0,2,0,0,3
1,3,2,4,136,135,8,121,0,2,0,0,3
1,3,2,4,136,135,8,121,0,2,0,0,3
1,3,2,4,136,135,8,121,0,2,0,0,3
1,3,2,4,136,135,8,121,0,2,0,0,3
1,3,2,4,136,135,8,121,0,2,0,0,3
1,3,2,4,135,135,7,120,0,2,0,0,3
1,3,2,4,135,135,7,120,0,2,0,0,3
1,3,2,4,135,135,7,120,0,2,0,0,3
1,3,2,4,135,135,7,120,0,2,0,0,3
1,3,2,4,135,135,7,120,0,2,0,0,3
1,3,2,4,135,135,7,120,0,2,0,0,3
1,3,2,4,135,135,7,120,0,2,0,0,3
1,3,2,4,135,135,7,120,0,2,0,0,3
1,3,2,4,135,135,7,120,0,2,0,0,3
1,3,2,4,135,135,7,120,0,2,0,0,3
1,3,2,4,135,135,7,120,0,2,0,0,3
1,3,2,4,135,135,7,120,0,2,0,0,3
1,3,2,4,135,135,7,120,0,2,0,0,3
1,3,2,4,135,135,7,120,0,2,0,0,3
1,3,2,4,135,135,7,120,0,2,0,0,3
1,3,2,4,135,135,7,120,0,2,0,0,3
1,3,2,4,135,135,7,120,0,2,0,0,3
1,3,2,4,135,135,7,120,0,2,0,0,3
1,3,2,4,135,135,7,120,0,2,0,0,3
1,3,2,4,135,135,7,120,0,2,0,0,3
1,3,2,4,135,135,7,120,0,2,0,0,3
1,3,2,4,135,135,7,120,0,2,0,0,3
1,3,2,4,135,135,7,120,0,2,0,0,3
1,3,2,4,135,135,7,120,0,2,0,0,3
1,3,2,4,135,135,7,120,0,2,0,0,3
1,3,2,4,135,135,7,120,0,2,0,0,3
1,3,2,4,135,135,7,120,0,2,0,0,3
1,3,2,4,135,135,7,120,0,2,0,0,3
1,3,2,4,135,135,7,120,0,2,0,0,3
1,3,2,4,135,135,7,120,0,2,0,0,3
1,3,2,4,135,135,7,120,0,2,0,0,3
1,3,2,4,134,135,6,119,0,2,0,0,3
1,3,2,5,134,135,6,119,0,2,0,0,3
1,3,2,5,134,135,6,119,0,2,0,0,3
1,3,2,5,134,135,6,119,0,2,0,0,3
1,3,2,5,134,135,6,119,0,2,0,0,3
1,3,2,5,134,135,6,119,0,2,0,0,3
1,3,2,5,134,135,6,119,0,2,0,0,3
1,3,2,5,134,135,6,119,0,2,0,0,3
1,3,2,5,134,135,6,119,0,2,0,0,3
1,3,2,5,134,135,6,119,0,2,0,0,3
1,3,2,5,134,135,6,119,0,2,0,0,3
1,3,2,5,134,135,6,119,0,2,0,0,3
1,3,2,5,134,135,6,119,0,2,0,0,3
1,3,2,5,134,135,6,119,0,2,0,0,3
1,3,2,5,134,135,6,119,0,2,0,0,3
1,3,2,5,134,135,6,119,0,2,0,0,3
1,3,2,5,134,135,6,119,0,2,0,0,3
1,3,2,5,134,135,6,119,0,2,0,0,3
1,3,2,5,134,135,6,119,0,2,0,0,3
1,3,2,5,134,135,6,119,0,2,0,0,3
1,3,2,5,134,135,6,119,0,2,0,0,3
1,3,2,5,134,135,6,119,0,2,0,0,3
1,3,2,5,134,135,6,119,0,2,0,0,3
1,3,2,5,134,135,6,119,0,2,0,0,3
1,3,2,5,134,135,6,119,0,2,0,0,3
1,3,2,5,134,135,6,119,0,2,0,0,3
1,3,2,5,134,135,6,119,0,2,0,0,3
1,3,2,5,134,135,6,119,0,2,0,0,3
1,3,2,5,134,135,6,119,0,2,0,0,3
1,3,2,5,133,135,5,118,0,2,0,0,3
1,3,2,5,133,135,5,118,0,2,0,0,3
1,3,2,5,133,135,5,118,0,2,0,0,3
1,3,2,5,133,135,5,118,0,2,0,0,3
1,3,2,5,133,135,5,118,0,2,0,0,3
1,3,2,5,133,135,5,118,0,2,0,0,3
1,3,2,5,133,135,5,118,0,2,0,0,3
1,3,2,5,133,135,5,118,0,2,0,0,3
1,3,2,5,133,135,5,118,0,2,0,0,3
1,3,2,5,133,135,5,118,0,2,0,0,3
1,3,2,5,133,135,5,118,0,2,0,0,3
1,3,2,5,133,135,5,118,0,2,0,0,3
1,3,2,5,133,135,5,118,0,2,0,0,3
1,3,2,5,133,135,5,118,0,2,0,0,3
1,3,2,5,133,135,5,118,0,2,0,0,3
1,3,2,5,133,135,5,118,0,2,0,0,3
1,3,2,5,133,135,5,118,0,2,0,0,3
1,3,2,5,133,135,5,118,0,2,0,0,3
1,3,2,5,133,135,5,118,0,2,0,0,3
1,3,2,5,133,135,5,118,0,2,0,0,3
1,3,2,5,133,135,5,118,0,2,0,0,3
1,3,2,5,133,135,5,118,0,2,0,0,3
1,3,2,5,133,135,5,118,0,2,0,0,3
1,3,2,5,133,135,5,118,0,2,0,0,3
1,3,2,5,133,135,5,118,0,2,0,0,3
1,3,2,5,133,135,5,118,0,2,0,0,3
1,3,2,5,133,135,5,118,0,2,0,0,3
1,3,2,5,132,135,4,117,0,3,0,0,3
1,3,2,5,132,135,4,117,0,3,0,0,3
1,3,2,5,132,135,4,117,0,3,0,0,3
1,3,2,5,132,135,4,117,0,3,0,0,3
1,3,2,5,132,135,4,117,0,3,0,0,3
1,3,2,5,132,135,4,117,0,3,0,0,3
1,3,2,5,132,135,4,117,0,3,0,0,3
1,3,2,5,132,135,4,117,0,3,0,0,3
1,3,2,5,132,135,4,117,0,3,0,0,3
1,3,2,5,132,135,4,117,0,3,0,0,3
1,3,2,5,132,135,4,117,0,3,0,0,3
1,3,2,5,132,135,4,117,0,3,0,0,3
1,3,2,5,132,135,4,117,0,3,0,0,3
1,3,2,5,132,135,4,117,0,3,0,0,3
1,3,2,5,132,135,4,117,0,3,0,0,3
1,3,2,5,132,135,4,117,0,3,0,0,3
1,3,2,5,132,135,4,117,0,3,0,0,3
1,3,2,5,132,135,4,117,0,3,0,0,3
1,3,2,5,132,135,4,117,0,3,0,0,3
1,3,2,5,132,135,4,117,0,3,0,0,3
1,3,2,5,132,135,4,117,0,3,0,0,3
1,3,2,5,132,135,4,117,0,3,0,0,3
1,3,2,5,132,135,4,117,0,3,0,0,3
1,3,2,5,132,135,4,117,0,3,0,0,3
1,3,2,5,132,135,4,117,0,3,0,0,3
1,3,2,5,132,135,4,117,0,3,0,0,3
1,3,2,5,132,135,4,117,0,3,0,0,3
1,3,2,5,132,135,4,117,0,3,0,0,3
1,3,2,5,131,135,3,116,0,3,0,0,3
2,3,2,5,131,135,3,116,0,3,0,0,3
2,3,2,5,131,135,3,116,0,3,0,0,3
2,3,2,5,131,135,3,116,0,3,0,0,3
2,3,2,5,131,135,3,116,0,3,0,0,3
2,3,2,5,131,135,3,116,0,3,0,0,3
2,3,2,5,131,135,3,116,0,3,0,0,3
2,3,2,5,131,135,3,116,0,3,0,0,3
2,3,2,5,131,135,3,116,0,3,0,0,3
2,3,2,5,131,135,3,116,0,3,0,0,3
2,3,2,5,131,135,3,116,0,3,0,0,3
2,3,2,5,131,135,3,116,0,3,0,0,3
2,3,2,5,131,135,3,116,0,3,0,0,3
2,3,2,5,131,135,3,116,0,3,0,0,3
2,3,2,5,131,135,3,116,0,3,0,0,3
2,3,2,5,131,135,3,116,0,3,0,0,3
2,3,2,5,131,135,3,116,0,3,0,0,3
2,3,2,5,131,135,3,116,0,3,0,0,3
2,3,2,5,131,135,3,116,0,3,0,0,3
2,3,2,5,131,135,3,116,0,3,0,0,3
2,3,2,5,131,135,3,116,0,3,0,0,3
2,3,2,5,131,135,3,116,0,3,0,0,3
2,3,2,5,131,135,3,116,0,3,0,0,3
2,3,2,5,131,135,3,116,0,3,0,0,3
2,3,2,5,131,135,3,116,0,3,0,0,3
2,3,2,5,131,135,3,116,0,3,0,0,3
2,3,2,5,131,135,3,116,0,3,0,0,3
2,3,2,5,131,135,3,116,0,3,0,0,3
2,3,2,5,131,135,3,116,0,3,0,0,3
2,3,2,5,131,135,3,116,0,3,0,0,3
2,3,2,5,130,135,2,115,0,3,0,0,3
2,3,2,5,130,135,2,115,0,3,0,0,3
2,3,2,5,130,135,2,115,0,3,0,0,3
2,3,2,5,130,135,2,115,0,3,0,0,3
2,3,2,5,130,135,2,115,0,3,0,0,3
2,3,2,5,130,135,2,115,0,3,0,0,3
2,3,2,5,130,135,2,115,0,3,0,0,3
2,3,2,5,130,135,2,115,0,3,0,0,3
2,3,2,5,130,135,2,115,0,3,0,0,3
2,3,2,5,130,135,2,115,0,3,0,0,3
2,3,2,5,130,135,2,115,0,3,0,0,3
2,3,2,5,130,135,2,115,0,3,0,0,3
2,3,2,5,130,135,2,115,0,3,0,0,3
2,3,2,5,130,135,2,115,0,3,0,0,3
2,3,2,5,130,135,2,115,0,3,0,0,3
2,3,2,5,130,135,2,115,0,3,0,0,3
2,3,2,5,130,135,2,115,0,3,0,0,3
2,3,2,5,130,135,2,115,0,3,0,0,3
2,3,2,5,130,135,2,115,0,3,0,0,3
2,3,2,5,130,135,2,115,0,3,0,0,3
2,3,2,5,130,135,2,115,0,3,0,0,3
2,3,2,5,130,135,2,115,0,3,0,0,3
2,3,2,5,130,135,2,115,0,3,0,0,3
2,3,2,5,130,135,2,115,0,3,0,0,3
2,3,2,5,130,135,2,115,0,3,0,0,3
2,3,2,5,130,135,2,115,0,3,0,0,3
2,3,2,5,130,135,2,115,0,3,0,0,3
2,3,2,5,130,135,2,115,0,3,0,0,3
2,3,2,5,130,135,2,115,0,3,0,0,3
2,3,2,5,130,135,2,115,0,3,0,0,3
2,3,2,5,130,135,2,115,0,3,0,0,3
2,3,2,5,129,135,1,114,0,3,0,0,3
2,3,2,5,129,135,1,114,0,3,0,0,3
2,3,2,5,129,135,1,114,0,3,0,0,3
2,3,2,5,129,135,1,114,0,3,0,0,3
2,3,2,5,129,135,1,114,0,3,0,0,3
2,3,2,5,129,135,1,114,0,3,0,0,3
2,3,2,5,129,135,1,114,0,3,0,0,3
2,3,2,5,129,135,1,114,0,3,0,0,3
2,3,2,5,129,135,1,114,0,3,0,0,3
2,3,2,5,129,135,1,114,0,3,0,0,3
2,3,2,5,129,135,1,114,0,3,0,0,3
2,3,2,5,129,135,1,114,0,3,0,0,3
2,3,2,5,129,135,1,114,0,3,0,0,3
2,3,2,5,129,135,1,114,0,3,0,0,3
2,3,2,5,129,135,1,114,0,3,0,0,3
2,3,2,5,129,135,1,114,0,3,0,0,3
2,3,2,5,129,135,1,114,0,3,0,0,3
2,3,2,5,129,135,1,114,0,3,0,0,3
2,3,2,5,129,135,1,114,0,3,0,0,3
2,3,2,5,129,135,1,114,0,3,0,0,3
2,3,2,5,129,135,1,114,0,3,0,0,3
2,3,2,5,129,135,1,114,0,3,0,0,3
2,3,2,5,129,135,1,114,0,3,0,0,3
2,3,2,5,129,135,1,114,0,3,0,0,3
2,3,2,5,129,135,1,114,0,3,0,0,3
2,3,2,5,129,135,1,114,0,3,0,0,3
2,3,2,5,129,135,1,114,0,3,0,0,3
2,3,2,5,129,135,1,114,0,3,0,0,3
2,3,2,5,129,135,1,114,0,3,0,0,3
2,3,2,5,129,135,1,114,0,3,0,0,3
2,3,2,5,129,135,1,114,0,3,0,0,3
2,3,2,5,129,135,1,114,0,3,0,0,3
2,4,2,5,128,135,0,113,0,3,0,0,3
2,4,2,5,128,135,0,113,0,3,0,0,3
2,4,2,5,128,135,0,113,0,3,0,0,3
2,4,2,5,128,135,0,113,0,3,0,0,3
2,4,2,5,128,135,0,113,0,3,0,0,3
2,4,2,5,128,135,0,113,0,3,0,0,3
2,4,2,5,128,135,0,113,0,3,0,0,3
2,4,2,5,128,135,0,113,0,3,0,0,3
2,4,2,5,128,135,0,113,0,3,0,0,3
2,4,2,5,128,135,0,113,0,3,0,0,3
2,4,2,5,128,135,0,113,0,3,0,0,3
2,4,2,5,128,135,0,113,0,3,0,0,3
2,4,2,5,128,135,0,113,0,3,0,0,3
2,4,2,5,128,135,0,113,0,3,0,0,3
2,4,2,5,128,135,0,113,0,3,0,0,3
2,4,2,5,128,135,0,113,0,3,0,0,3
2,4,2,5,128,135,0,113,0,3,0,0,3
2,4,2,5,128,135,0,113,0,3,0,0,3
2,4,2,5,128,135,0,113,0,3,0,0,3
2,4,2,5,128,135,0,113,0,3,0,0,3
2,4,2,5,128,135,0,113,0,3,0,0,3
2,4,2,5,128,135,0,113,0,3,0,0,3
2,4,2,5,128,135,0,113,0,3,0,0,3
2,4,2,5,128,135,0,113,0,3,0,0,3
2,4,2,5,128,135,0,113,0,3,0,0,3
2,4,2,5,128,135,0,113,0,3,0,0,3
2,4,2,5,128,135,0,113,0,3,0,0,3
2,4,2,5,128,135,0,113,0,3,0,0,3
2,4,2,5,128,135,0,113,0,3,0,0,3
2,4,2,5,128,135,0,113,0,3,0,0,3
2,4,2,5,128,135,0,113,0,3,0,0,3
2,4,2,5,127,149,0,22,0,3,0,0,3
2,4,2,5,127,149,0,22,0,3,0,0,3
2,4,2,5,127,149,0,22,0,3,0,0,3
2,4,2,5,127,149,0,22,0,3,0,0,3
2,4,2,5,127,149,0,22,0,3,0,0,3
2,4,2,5,127,149,0,22,0,3,1,0,3
2,4,2,5,127,149,0,22,0,3,1,0,3
2,4,2,5,127,149,0,22,0,3,1,0,3
2,4,2,5,127,149,0,22,0,3,1,0,3
2,4,2,5,127,149,0,22,0,3,1,0,3
2,4,2,5,127,149,0,22,0,3,1,0,3
2,4,2,5,127,149,0,22,0,3,1,0,3
2,4,2,5,127,149,0,22,0,3,1,0,3
2,4,2,5,127,149,0,22,0,3,1,0,3
2,4,2,5,127,149,0,22,0,3,1,0,3
2,4,2,5,127,149,0,22,0,3,1,0,3
2,4,2,5,127,149,0,22,0,3,1,0,3
2,4,2,5,127,149,0,22,0,3,1,0,3
2,4,2,5,127,149,0,22,0,3,1,0,3
2,4,2,5,127,149,0,22,0,3,1,0,3
2,4,2,5,127,149,0,22,0,3,1,0,3
2,4,2,5,127,149,0,22,0,3,1,0,3
2,4,2,5,127,149,0,22,0,3,1,0,3
2,4,2,5,127,149,0,22,0,3,1,0,3
2,4,2,5,127,149,0,22,0,3,1,0,3
2,4,2,5,127,149,0,22,0,3,1,0,3
2,4,2,5,127,149,0,22,0,3,1,0,3
2,4,2,5,127,149,0,22,0,3,1,0,3
2,4,2,5,127,149,0,22,0,3,1,0,3
2,4,2,5,127,149,0,22,0,3,1,0,3
2,4,2,5,127,149,0,22,0,3,1,0,3
2,4,2,5,127,149,0,22,0,3,1,0,3
2,4,2,5,126,148,0,21,0,3,1,0,3
2,4,2,5,126,148,0,21,0,3,1,0,3
2,4,2,5,126,148,0,21,0,3,1,0,3
2,4,2,5,126,148,0,21,0,3,1,0,3
2,4,2,5,126,148,0,21,0,3,1,0,3
2,4,2,5,126,148,0,21,0,3,1,0,3
2,4,2,5,126,148,0,21,0,3,1,0,3
2,4,2,5,126,148,0,21,0,3,1,0,3
2,4,2,5,126,148,0,21,0,3,1,0,3
2,4,2,5,126,148,0,21,0,3,1,0,3
2,4,2,5,126,148,0,21,0,3,1,0,3
2,4,2,5,126,148,0,21,0,3,1,0,3
2,4,2,5,126,148,0,21,0,3,1,0,3
2,4,2,5,126,148,0,21,0,3,1,0,3
2,4,2,5,126,148,0,21,0,3,1,0,3
2,4,2,5,126,148,0,21,0,3,1,0,3
2,4,2,5,126,148,0,21,0,3,1,0,3
2,4,2,5,126,148,0,21,0,3,1,0,3
2,4,2,5,126,148,0,21,0,3,1,0,3
2,4,2,5,126,148,0,21,0,3,1,0,3
2,4,2,5,126,148,0,21,0,3,1,0,3
2,4,2,5,126,148,0,21,0,3,1,0,3
2,4,2,5,126,148,0,21,0,3,2,0,3
2,4,2,5,126,148,0,21,0,3,2,0,3
2,4,2,5,126,148,0,21,0,3,2,0,3
2,4,2,5,126,148,0,21,0,3,2,0,3
2,4,2,5,126,148,0,21,0,3,2,0,3
2,4,2,5,126,148,0,21,0,3,2,0,3
2,4,2,5,126,148,0,21,0,3,2,0,3
2,4,2,5,126,148,0,21,0,3,2,0,3
2,4,2,5,126,148,0,21,0,3,2,0,3
2,4,2,5,125,147,0,20,0,3,2,0,3
2,4,2,6,125,147,0,20,0,3,2,0,3
2,4,2,6,125,147,0,20,0,3,2,0,3
2,4,2,6,125,147,0,20,0,3,2,0,3
2,4,2,6,125,147,0,20,0,3,2,0,3
2,4,2,6,125,147,0,20,0,3,2,0,3
2,4,2,6,125,147,0,20,0,3,2,0,3
2,4,2,6,125,147,0,20,0,3,2,0,3
2,4,2,6,125,147,0,20,0,3,2,0,3
2,4,2,6,125,147,0,20,0,3,2,0,3
2,4,2,6,125,147,0,20,0,3,2,0,3
2,4,2,6,125,147,0,20,0,3,2,0,3
2,4,2,6,125,147,0,20,0,3,2,0,3
2,4,2,6,125,147,0,20,0,3,2,0,3
2,4,2,6,125,147,0,20,0,3,2,0,3
2,4,2,6,125,147,0,20,0,3,2,0,3
2,4,2,6,125,147,0,20,0,3,2,0,3
2,4,2,6,125,147,0,20,0,3,2,0,3
2,4,2,6,125,147,0,20,0,3,2,0,3
2,4,2,6,125,147,0,20,0,3,2,0,3
2,4,2,6,125,147,0,20,0,3,2,0,3
2,4,2,6,125,147,0,20,0,3,2,0,3
2,4,2,6,125,147,0,20,0,3,2,0,3
2,4,2,6,125,147,0,20,0,3,2,0,3
2,4,2,6,125,147,0,20,0,3,2,0,3
2,4,2,6,125,147,0,20,0,3,2,0,3
2,4,2,6,125,147,0,20,0,3,2,0,3
2,4,2,6,125,147,0,20,0,3,2,0,3
2,4,2,6,125,147,0,20,0,3,2,0,3
2,4,2,6,125,147,0,20,0,3,2,0,3
2,4,2,6,125,147,0,20,0,3,2,0,3
2,4,2,6,124,146,0,19,0,3,2,0,3
2,4,2,6,124,146,0,19,0,3,2,0,3
2,4,2,6,124,146,0,19,0,3,2,0,3
2,4,2,6,124,146,0,19,0,3,2,0,3
2,4,2,6,124,146,0,19,0,3,2,0,3
2,4,2,6,124,146,0,19,0,3,2,0,3
2,4,2,6,124,146,0,19,0,3,2,0,3
2,4,2,6,124,146,0,19,0,3,2,0,3
2,4,2,6,124,146,0,19,0,3,2,0,3
2,4,2,6,124,146,0,19,0,3,2,0,3
2,4,2,6,124,146,0,19,0,3,2,0,3
2,4,2,6,124,146,0,19,0,3,2,0,3
2,4,2,6,124,146,0,19,0,3,2,0,3
2,4,2,6,124,146,0,19,0,3,2,0,3
2,4,2,6,124,146,0,19,0,3,2,0,3
2,4,2,6,124,146,0,19,0,3,2,0,3
2,4,2,6,124,146,0,19,0,3,2,0,3
2,4,2,6,124,146,0,19,0,3,2,0,3
2,4,2,6,124,146,0,19,0,3,2,0,3
2,4,2,6,124,146,0,19,0,3,2,0,3
2,4,2,6,124,146,0,19,0,3,2,0,3
2,4,2,6,124,146,0,19,0,3,2,0,3
2,4,2,6,124,146,0,19,0,3,2,0,3
2,4,2,6,124,146,0,19,0,3,2,0,3
2,4,2,6,124,146,0,19,0,3,2,0,3
2,4,2,6,124,146,0,19,0,3,2,0,3
2,4,2,6,124,146,0,19,0,3,2,0,3
2,4,2,6,124,146,0,19,0,3,2,0,3
2,4,2,6,124,146,0,19,0,3,2,0,3
2,4,2,6,124,146,0,19,0,3,2,0,3
2,4,2,6,123,145,0,18,0,3,2,0,3
2,4,2,6,123,145,0,18,0,3,2,0,3
2,4,2,6,123,145,0,18,0,3,2,0,3
2,4,2,6,123,145,0,18,0,3,2,0,3
2,4,2,6,123,145,0,18,0,3,2,0,3
2,4,2,6,123,145,0,18,0,3,2,0,3
2,4,2,6,123,145,0,18,0,3,2,0,3
2,4,2,6,123,145,0,18,0,3,2,0,3
2,4,2,6,123,145,0,18,0,3,2,0,3
2,4,2,6,123,145,0,18,0,3,2,0,3
2,4,2,6,123,145,0,18,0,3,2,0,3
2,4,2,6,123,145,0,18,0,3,2,0,3
2,4,2,6,123,145,0,18,0,3,2,0,3
2,4,2,6,123,145,0,18,0,3,2,0,3
2,4,2,6,123,145,0,18,0,3,2,0,3
2,4,2,6,123,145,0,18,0,3,2,0,3
2,4,2,6,123,145,0,18,0,3,2,0,3
2,4,2,6,123,145,0,18,0,3,2,0,3
2,4,2,6,123,145,0,18,0,3,2,0,3
2,4,2,6,123,145,0,18,0,3,2,0,3
2,4,2,6,123,145,0,18,0,3,2,0,3
2,4,2,6,123,145,0,18,0,3,2,0,3
2,4,2,6,123,145,0,18,0,3,2,0,3
2,4,2,6,123,145,0,18,0,3,2,0,3
2,4,2,6,123,145,0,18,0,3,2,0,3
2,4,2,6,123,145,0,18,0,3,2,0,3
2,4,2,6,123,145,0,18,0,3,2,0,3
2,4,2,6,123,145,0,18,0,3,2,0,3
2,4,2,6,123,145,0,18,0,3,2,0,3
2,4,2,6,123,145,0,18,0,3,2,0,3
2,5,2,6,123,145,0,18,0,3,2,0,3
2,5,2,6,122,144,0,17,0,3,2,0,3
2,5,2,6,122,144,0,17,0,3,2,0,3
2,5,2,6,122,144,0,17,0,3,2,0,3
2,5,2,6,122,144,0,17,0,3,2,0,3
2,5,2,6,122,144,0,17,0,3,2,0,3
2,5,2,6,122,144,0,17,0,3,2,0,3
2,5,2,6,122,144,0,17,0,3,2,0,3
2,5,2,6,122,144,0,17,0,3,2,0,3
2,5,2,6,122,144,0,17,0,3,2,0,3
2,5,2,6,122,144,0,17,0,3,2,0,3
2,5,2,6,122,144,0,17,0,3,2,0,3
2,5,2,6,122,144,0,17,0,3,2,0,3
2,5,2,6,122,144,0,17,0,3,2,0,3
2,5,2,6,122,144,0,17,0,3,2,0,3
2,5,2,6,122,144,0,17,0,3,2,0,3
2,5,2,6,122,144,0,17,0,3,2,0,3
2,5,2,6,122,144,0,17,0,3,2,0,3
2,5,2,6,122,144,0,17,0,3,2,0,3
2,5,2,6,122,144,0,17,0,3,2,0,3
2,5,2,6,122,144,0,17,0,3,2,0,3
2,5,2,6,122,144,0,17,0,3,2,0,3
2,5,2,6,122,144,0,17,0,3,2,0,3
2,5,2,6,122,144,0,17,0,3,2,0,3
2,5,2,6,122,144,0,17,0,3,2,0,3
2,5,2,6,122,144,0,17,0,3,2,0,3
2,5,2,6,122,144,0,17,0,3,2,0,3
2,5,2,6,122,144,0,17,0,3,2,0,3
2,5,2,6,122,144,0,17,0,3,2,0,3
2,5,2,6,122,144,0,17,0,3,2,0,3
2,5,2,6,122,144,0,17,0,3,2,0,3
2,5,2,6,122,144,0,17,0,3,2,0,3
2,5,2,6,121,143,0,16,0,3,2,0,3
2,5,2,6,121,143,0,16,0,3,2,0,3
2,5,2,6,121,143,0,16,0,3,2,0,3
2,5,2,6,121,143,0,16,0,3,2,0,3
2,5,2,6,121,143,0,16,0,3,2,0,3
2,5,2,6,121,143,0,16,0,3,2,0,3
2,5,2,6,121,143,0,16,0,3,2,0,3
2,5,2,6,121,143,0,16,0,3,2,0,3
2,5,2,6,121,143,0,16,0,3,2,0,3
2,5,2,6,121,143,0,16,0,3,2,0,3
2,5,2,6,121,143,0,16,0,3,2,0,3
2,5,2,6,121,143,0,16,0,3,2,0,3
2,5,2,6,121,143,0,16,0,3,2,0,3
2,5,2,6,121,143,0,16,0,3,2,0,3
2,5,2,6,121,143,0,16,0,3,2,0,3
2,5,2,6,121,143,0,16,0,3,2,0,3
2,5,2,6,121,143,0,16,0,3,2,0,3
2,5,2,6,121,143,0,16,0,3,2,0,3
2,5,2,6,121,143,0,16,0,3,2,0,3
2,5,2,6,121,143,0,16,0,3,2,0,3
2,5,2,6,121,143,0,16,0,3,2,0,3
2,5,2,6,121,143,0,16,0,3,2,0,3
2,5,2,6,121,143,0,16,0,3,2,0,3
2,5,2,6,121,143,0,16,0,3,2,0,3
2,5,2,6,121,143,0,16,0,3,2,0,3
2,5,2,6,121,143,0,16,0,3,2,0,3
2,5,2,6,121,143,0,16,0,3,2,0,3
2,5,2,6,121,143,0,16,0,3,2,0,3
2,5,2,6,121,143,0,16,0,3,2,0,3
2,5,2,6,121,143,0,16,0,3,2,0,3
2,5,2,6,120,142,0,15,0,3,2,0,3
2,5,2,6,120,142,0,15,0,3,2,0,3
2,5,2,6,120,142,0,15,0,3,2,0,3
2,5,2,6,120,142,0,15,0,3,2,0,3
2,5,2,6,120,142,0,15,0,3,2,0,3
2,5,2,6,120,142,0,15,0,3,2,0,3
2,5,2,6,120,142,0,15,0,3,2,0,3
2,5,2,6,120,142,0,15,0,3,2,0,3
2,5,2,6,120,142,0,15,0,3,2,0,3
2,5,2,6,120,142,0,15,0,3,2,0,3
2,5,2,6,120,142,0,15,0,3,2,0,3
2,5,2,6,120,142,0,15,0,3,2,0,3
2,5,2,6,120,142,0,15,0,3,2,0,3
2,5,2,6,120,142,0,15,0,3,2,0,3
2,5,2,6,120,142,0,15,0,3,2,0,3
2,5,2,6,120,142,0,15,0,3,2,0,3
2,5,2,6,120,142,0,15,0,3,2,0,3
2,5,2,6,120,142,0,15,0,3,2,0,3
2,5,2,6,120,142,0,15,0,3,2,0,3
2,5,2,6,120,142,0,15,0,3,2,0,3
2,5,2,6,120,142,0,15,0,3,2,0,3
2,5,2,6,120,142,0,15,0,3,2,0,3
2,5,2,6,120,142,0,15,0,3,2,0,3
2,5,2,6,120,142,0,15,0,3,2,0,3
2,5,2,6,120,142,0,15,0,3,2,0,3
2,5,2,6,120,142,0,15,0,3,2,0,3
2,5,2,6,120,142,0,15,0,3,2,0,3
2,5,2,6,120,142,0,15,0,3,2,0,3
2,5,2,6,120,142,0,15,0,3,2,0,3
2,5,2,6,120,142,0,15,0,3,2,0,3
2,5,3,6,119,141,0,14,0,3,2,0,3
2,5,3,6,119,141,0,14,0,3,2,0,3
2,5,3,6,119,141,0,14,0,3,2,0,3
2,5,3,6,119,141,0,14,0,3,2,0,3
2,5,3,6,119,141,0,14,0,3,2,0,3
2,5,3,6,119,141,0,14,0,3,2,0,3
2,5,3,6,119,141,0,14,0,3,2,0,3
2,5,3,6,119,141,0,14,0,3,2,0,3
2,5,3,6,119,141,0,14,0,3,2,0,3
2,5,3,6,119,141,0,14,0,3,2,0,3
2,5,3,6,119,141,0,14,0,3,2,0,3
2,5,3,6,119,141,0,14,0,3,2,0,3
2,5,3,6,119,141,0,14,0,3,2,0,3
2,5,3,6,119,141,0,14,0,3,2,0,3
2,5,3,6,119,141,0,14,0,3,2,0,3
2,5,3,6,119,141,0,14,0,3,2,0,3
2,5,3,6,119,141,0,14,0,3,2,0,3
2,5,3,6,119,141,0,14,0,3,2,0,3
2,5,3,6,119,141,0,14,0,3,2,0,3
2,5,3,6,119,141,0,14,0,3,2,0,3
2,5,3,6,119,141,0,14,0,3,2,0,3
2,5,3,6,119,141,0,14,0,3,2,0,3
2,5,3,6,119,141,0,14,0,3,2,0,3
2,5,3,6,119,141,0,14,0,3,2,0,3
2,5,3,6,119,141,0,14,0,3,2,0,3
2,5,3,6,119,141,0,14,0,3,2,0,3
2,5,3,6,119,141,0,14,0,3,2,0,3
2,5,3,6,119,141,0,14,0,3,2,0,3
2,5,3,6,119,141,0,14,0,3,2,0,3
2,5,3,6,119,141,0,14,0,3,2,0,3
2,5,3,6,118,140,0,13,0,3,2,0,3
2,5,3,6,118,140,0,13,0,3,2,0,3
2,5,3,6,118,140,0,13,0,3,2,0,3
2,5,3,6,118,140,0,13,0,3,2,0,3
2,5,3,6,118,140,0,13,0,3,2,0,3
2,5,3,6,118,140,0,13,0,3,2,0,3
2,5,3,6,118,140,0,13,0,3,2,0,3
2,5,3,6,118,140,0,13,0,3,2,0,3
2,5,3,6,118,140,0,13,0,3,2,0,3
2,5,3,6,118,140,0,13,0,3,2,0,3
2,5,3,6,118,140,0,13,0,3,2,0,3
2,5,3,6,118,140,0,13,0,3,2,0,3
2,5,3,6,118,140,0,13,0,3,2,0,3
2,5,3,6,118,140,0,13,0,3,2,0,3
2,5,3,6,118,140,0,13,0,3,2,0,3
2,5,3,6,118,140,0,13,0,3,2,0,3
2,5,3,6,118,140,0,13,0,3,2,0,3
2,5,3,6,118,140,0,13,0,3,2,0,3
2,5,3,6,118,140,0,13,0,3,2,0,3
2,5,3,6,118,140,0,13,0,3,2,0,3
2,5,3,6,118,140,0,13,0,3,2,0,3
2,5,3,6,118,140,0,13,0,3,2,0,3
2,5,3,6,118,140,0,13,0,3,2,0,3
2,5,3,6,118,140,0,13,0,3,2,0,3
2,5,3,6,118,140,0,13,0,3,2,0,3
2,5,3,6,118,140,0,13,0,3,2,0,3
2,5,3,6,118,140,0,13,0,3,2,0,3
2,5,3,6,117,139,0,12,0,3,2,0,3
2,5,3,6,117,139,0,12,0,3,2,0,3
2,5,3,6,117,139,0,12,0,3,2,0,3
2,5,3,6,117,139,0,12,0,3,2,0,3
2,5,3,6,117,139,0,12,0,3,2,0,3
2,5,3,6,117,139,0,12,0,3,2,0,3
2,5,3,6,117,139,0,12,0,3,2,0,3
2,5,3,6,117,139,0,12,0,3,2,0,3
2,5,3,6,117,139,0,12,0,3,2,0,3
2,5,3,6,117,139,0,12,0,3,2,0,3
2,5,3,6,117,139,0,12,0,3,2,0,3
2,5,3,6,117,139,0,12,0,3,2,0,3
2,5,3,6,117,139,0,12,0,3,2,0,3
2,5,3,6,117,139,0,12,0,3,2,0,3
2,5,3,6,117,139,0,12,0,3,2,0,3
2,5,3,6,117,139,0,12,0,3,2,0,3
2,5,3,6,117,139,0,12,0,3,2,0,3
2,5,3,6,117,139,0,12,0,3,2,0,3
2,5,3,6,117,139,0,12,0,3,2,0,3
2,5,3,6,117,139,0,12,0,3,2,0,3
2,5,3,6,117,139,0,12,0,3,2,0,3
2,5,3,6,117,139,0,12,0,3,2,0,3
2,5,3,6,117,139,0,12,0,3,2,0,3
2,5,3,6,117,139,0,12,0,3,2,0,3
